--2026-05-23 13:00:07--  https://ftp.ncbi.nih.gov/pub/taxonomy/taxdump.tar.gz
Resolving ftp.ncbi.nih.gov (ftp.ncbi.nih.gov)... 130.14.250.12, 130.14.250.13, 2607:f220:41e:250::11, ...
Connecting to ftp.ncbi.nih.gov (ftp.ncbi.nih.gov)|130.14.250.12|:443... connected.
HTTP request sent, awaiting response... 200 OK
Length: 74560673 (71M) [application/x-gzip]
Saving to: ‘resources/taxonomy/taxdump/taxdump.tar.gz’

     0K .......... .......... .......... .......... ..........  0% 34.4K 35m14s
    50K .......... .......... .......... .......... ..........  0%  247K 20m4s
   100K .......... .......... .......... .......... ..........  0%  166K 15m47s
   150K .......... .......... .......... .......... ..........  0%  797K 12m13s
   200K .......... .......... .......... .......... ..........  0%  880K 10m2s
   250K .......... .......... .......... .......... ..........  0%  121K 10m1s
   300K .......... .......... .......... .......... ..........  0% 1.78M 8m41s
   350K .......... .......... .......... .......... ..........  0% 1.75M 7m40s
   400K .......... .......... .......... .......... ..........  0% 2.02M 6m53s
   450K .......... .......... .......... .......... ..........  0% 1.80M 6m15s
   500K .......... .......... .......... .......... ..........  0%  118K 6m37s
   550K .......... .......... .......... .......... ..........  0%  829K 6m11s
   600K .......... .......... .......... .......... ..........  0% 2.31M 5m44s
   650K .......... .......... .......... .......... ..........  0% 1.98M 5m22s
   700K .......... .......... .......... .......... ..........  1%  173K 5m28s
   750K .......... .......... .......... .......... ..........  1%  157K 5m36s
   800K .......... .......... .......... .......... ..........  1% 2.64M 5m18s
   850K .......... .......... .......... .......... ..........  1% 1.63M 5m2s
   900K .......... .......... .......... .......... ..........  1%  560K 4m53s
   950K .......... .......... .......... .......... ..........  1% 1.40M 4m40s
  1000K .......... .......... .......... .......... ..........  1%  112K 4m57s
  1050K .......... .......... .......... .......... ..........  1% 2.96M 4m45s
  1100K .......... .......... .......... .......... ..........  1% 2.80M 4m33s
  1150K .......... .......... .......... .......... ..........  1% 3.83M 4m22s
  1200K .......... .......... .......... .......... ..........  1%  269K 4m22s
  1250K .......... .......... .......... .......... ..........  1% 1.98M 4m13s
  1300K .......... .......... .......... .......... ..........  1% 2.26M 4m5s
  1350K .......... .......... .......... .......... ..........  1% 2.00M 3m57s
  1400K .......... .......... .......... .......... ..........  1% 2.36M 3m50s
  1450K .......... .......... .......... .......... ..........  2%  219K 3m53s
  1500K .......... .......... .......... .......... ..........  2% 2.60M 3m46s
  1550K .......... .......... .......... .......... ..........  2% 4.47M 3m39s
  1600K .......... .......... .......... .......... ..........  2% 3.03M 3m33s
  1650K .......... .......... .......... .......... ..........  2% 79.3K 3m53s
  1700K .......... .......... .......... .......... ..........  2%  779K 3m49s
  1750K .......... .......... .......... .......... ..........  2% 3.82M 3m43s
  1800K .......... .......... .......... .......... ..........  2% 3.26M 3m38s
  1850K .......... .......... .......... .......... ..........  2% 2.99M 3m32s
  1900K .......... .......... .......... .......... ..........  2% 99.1K 3m45s
  1950K .......... .......... .......... .......... ..........  2%  277K 3m46s
  2000K .......... .......... .......... .......... ..........  2% 1.98M 3m41s
  2050K .......... .......... .......... .......... ..........  2% 3.08M 3m36s
  2100K .......... .......... .......... .......... ..........  2% 2.37M 3m31s
  2150K .......... .......... .......... .......... ..........  3% 92.5K 3m44s
  2200K .......... .......... .......... .......... ..........  3% 2.19M 3m39s
  2250K .......... .......... .......... .......... ..........  3% 2.92M 3m35s
  2300K .......... .......... .......... .......... ..........  3% 4.24M 3m31s
  2350K .......... .......... .......... .......... ..........  3% 2.38M 3m27s
  2400K .......... .......... .......... .......... ..........  3%  107K 3m36s
  2450K .......... .......... .......... .......... ..........  3% 1.60M 3m32s
  2500K .......... .......... .......... .......... ..........  3% 3.61M 3m28s
  2550K .......... .......... .......... .......... ..........  3% 3.50M 3m24s
  2600K .......... .......... .......... .......... ..........  3% 3.16M 3m21s
  2650K .......... .......... .......... .......... ..........  3% 3.56M 3m17s
  2700K .......... .......... .......... .......... ..........  3% 87.7K 3m28s
  2750K .......... .......... .......... .......... ..........  3%  419K 3m27s
  2800K .......... .......... .......... .......... ..........  3% 3.35M 3m24s
  2850K .......... .......... .......... .......... ..........  3%  547K 3m22s
  2900K .......... .......... .......... .......... ..........  4% 2.14M 3m19s
  2950K .......... .......... .......... .......... ..........  4% 2.67M 3m16s
  3000K .......... .......... .......... .......... ..........  4%  293K 3m17s
  3050K .......... .......... .......... .......... ..........  4% 3.72M 3m14s
  3100K .......... .......... .......... .......... ..........  4%  618K 3m12s
  3150K .......... .......... .......... .......... ..........  4% 1.52M 3m10s
  3200K .......... .......... .......... .......... ..........  4%  462K 3m9s
  3250K .......... .......... .......... .......... ..........  4% 3.63M 3m6s
  3300K .......... .......... .......... .......... ..........  4%  891K 3m5s
  3350K .......... .......... .......... .......... ..........  4%  127K 3m10s
  3400K .......... .......... .......... .......... ..........  4% 2.45M 3m7s
  3450K .......... .......... .......... .......... ..........  4% 1.10M 3m6s
  3500K .......... .......... .......... .......... ..........  4% 2.21M 3m3s
  3550K .......... .......... .......... .......... ..........  4%  473K 3m3s
  3600K .......... .......... .......... .......... ..........  5% 3.28M 3m0s
  3650K .......... .......... .......... .......... ..........  5% 2.18M 2m58s
  3700K .......... .......... .......... .......... ..........  5%  128K 3m3s
  3750K .......... .......... .......... .......... ..........  5% 3.25M 3m0s
  3800K .......... .......... .......... .......... ..........  5% 3.98M 2m58s
  3850K .......... .......... .......... .......... ..........  5%  193K 3m0s
  3900K .......... .......... .......... .......... ..........  5% 1.30M 2m59s
  3950K .......... .......... .......... .......... ..........  5% 2.50M 2m57s
  4000K .......... .......... .......... .......... ..........  5% 3.52M 2m55s
  4050K .......... .......... .......... .......... ..........  5%  189K 2m57s
  4100K .......... .......... .......... .......... ..........  5% 2.43M 2m55s
  4150K .......... .......... .......... .......... ..........  5%  322K 2m55s
  4200K .......... .......... .......... .......... ..........  5% 2.02M 2m53s
  4250K .......... .......... .......... .......... ..........  5% 2.78M 2m51s
  4300K .......... .......... .......... .......... ..........  5% 4.39M 2m50s
  4350K .......... .......... .......... .......... ..........  6%  835K 2m48s
  4400K .......... .......... .......... .......... ..........  6% 1003K 2m47s
  4450K .......... .......... .......... .......... ..........  6%  231K 2m48s
  4500K .......... .......... .......... .......... ..........  6%  638K 2m48s
  4550K .......... .......... .......... .......... ..........  6%  163K 2m50s
  4600K .......... .......... .......... .......... ..........  6% 2.16M 2m49s
  4650K .......... .......... .......... .......... ..........  6% 2.90M 2m47s
  4700K .......... .......... .......... .......... ..........  6%  360K 2m47s
  4750K .......... .......... .......... .......... ..........  6% 2.65M 2m46s
  4800K .......... .......... .......... .......... ..........  6% 3.50M 2m44s
  4850K .......... .......... .......... .......... ..........  6% 2.81M 2m42s
  4900K .......... .......... .......... .......... ..........  6%  189K 2m44s
  4950K .......... .......... .......... .......... ..........  6% 2.02M 2m43s
  5000K .......... .......... .......... .......... ..........  6% 1.90M 2m41s
  5050K .......... .......... .......... .......... ..........  7% 2.04M 2m40s
  5100K .......... .......... .......... .......... ..........  7% 72.8K 2m47s
  5150K .......... .......... .......... .......... ..........  7%  668K 2m47s
  5200K .......... .......... .......... .......... ..........  7%  601K 2m46s
  5250K .......... .......... .......... .......... ..........  7%  919K 2m45s
  5300K .......... .......... .......... .......... ..........  7% 52.8K 2m55s
  5350K .......... .......... .......... .......... ..........  7% 2.33M 2m54s
  5400K .......... .......... .......... .......... ..........  7% 3.46M 2m52s
  5450K .......... .......... .......... .......... ..........  7% 2.86M 2m51s
  5500K .......... .......... .......... .......... ..........  7% 3.27M 2m49s
  5550K .......... .......... .......... .......... ..........  7% 3.99M 2m48s
  5600K .......... .......... .......... .......... ..........  7% 3.31M 2m46s
  5650K .......... .......... .......... .......... ..........  7% 3.42M 2m45s
  5700K .......... .......... .......... .......... ..........  7% 2.78M 2m44s
  5750K .......... .......... .......... .......... ..........  7% 3.48M 2m42s
  5800K .......... .......... .......... .......... ..........  8% 3.71M 2m41s
  5850K .......... .......... .......... .......... ..........  8% 3.34M 2m40s
  5900K .......... .......... .......... .......... ..........  8% 3.90M 2m38s
  5950K .......... .......... .......... .......... ..........  8% 3.13M 2m37s
  6000K .......... .......... .......... .......... ..........  8% 4.02M 2m36s
  6050K .......... .......... .......... .......... ..........  8% 3.78M 2m34s
  6100K .......... .......... .......... .......... ..........  8% 3.17M 2m33s
  6150K .......... .......... .......... .......... ..........  8% 3.48M 2m32s
  6200K .......... .......... .......... .......... ..........  8% 3.12M 2m31s
  6250K .......... .......... .......... .......... ..........  8% 4.07M 2m30s
  6300K .......... .......... .......... .......... ..........  8% 4.38M 2m28s
  6350K .......... .......... .......... .......... ..........  8% 3.45M 2m27s
  6400K .......... .......... .......... .......... ..........  8% 3.86M 2m26s
  6450K .......... .......... .......... .......... ..........  8% 3.17M 2m25s
  6500K .......... .......... .......... .......... ..........  8% 3.71M 2m24s
  6550K .......... .......... .......... .......... ..........  9% 3.77M 2m23s
  6600K .......... .......... .......... .......... ..........  9% 3.23M 2m22s
  6650K .......... .......... .......... .......... ..........  9% 3.86M 2m21s
  6700K .......... .......... .......... .......... ..........  9% 3.31M 2m20s
  6750K .......... .......... .......... .......... ..........  9% 3.87M 2m19s
  6800K .......... .......... .......... .......... ..........  9% 3.79M 2m18s
  6850K .......... .......... .......... .......... ..........  9% 5.12M 2m17s
  6900K .......... .......... .......... .......... ..........  9% 3.96M 2m16s
  6950K .......... .......... .......... .......... ..........  9% 3.05M 2m15s
  7000K .......... .......... .......... .......... ..........  9% 4.17M 2m14s
  7050K .......... .......... .......... .......... ..........  9%  265K 2m15s
  7100K .......... .......... .......... .......... ..........  9%  109K 2m18s
  7150K .......... .......... .......... .......... ..........  9% 2.56M 2m17s
  7200K .......... .......... .......... .......... ..........  9% 2.23M 2m16s
  7250K .......... .......... .......... .......... .......... 10% 2.75M 2m15s
  7300K .......... .......... .......... .......... .......... 10% 1.97M 2m15s
  7350K .......... .......... .......... .......... .......... 10% 3.27M 2m14s
  7400K .......... .......... .......... .......... .......... 10% 4.87M 2m13s
  7450K .......... .......... .......... .......... .......... 10% 2.85M 2m12s
  7500K .......... .......... .......... .......... .......... 10% 3.57M 2m11s
  7550K .......... .......... .......... .......... .......... 10% 4.02M 2m10s
  7600K .......... .......... .......... .......... .......... 10% 3.45M 2m9s
  7650K .......... .......... .......... .......... .......... 10% 3.82M 2m9s
  7700K .......... .......... .......... .......... .......... 10% 3.60M 2m8s
  7750K .......... .......... .......... .......... .......... 10%  267K 2m8s
  7800K .......... .......... .......... .......... .......... 10% 2.62M 2m8s
  7850K .......... .......... .......... .......... .......... 10% 82.4K 2m12s
  7900K .......... .......... .......... .......... .......... 10% 99.5K 2m15s
  7950K .......... .......... .......... .......... .......... 10% 1.25M 2m14s
  8000K .......... .......... .......... .......... .......... 11% 2.49M 2m13s
  8050K .......... .......... .......... .......... .......... 11% 1.32M 2m13s
  8100K .......... .......... .......... .......... .......... 11% 2.84M 2m12s
  8150K .......... .......... .......... .......... .......... 11% 3.18M 2m11s
  8200K .......... .......... .......... .......... .......... 11% 1.37M 2m11s
  8250K .......... .......... .......... .......... .......... 11% 3.35M 2m10s
  8300K .......... .......... .......... .......... .......... 11% 1006K 2m9s
  8350K .......... .......... .......... .......... .......... 11% 1.17M 2m9s
  8400K .......... .......... .......... .......... .......... 11% 4.72M 2m8s
  8450K .......... .......... .......... .......... .......... 11%  446K 2m8s
  8500K .......... .......... .......... .......... .......... 11% 2.17M 2m7s
  8550K .......... .......... .......... .......... .......... 11% 4.43M 2m7s
  8600K .......... .......... .......... .......... .......... 11% 3.66M 2m6s
  8650K .......... .......... .......... .......... .......... 11%  263K 2m6s
  8700K .......... .......... .......... .......... .......... 12% 2.51M 2m6s
  8750K .......... .......... .......... .......... .......... 12% 2.67M 2m5s
  8800K .......... .......... .......... .......... .......... 12% 4.27M 2m4s
  8850K .......... .......... .......... .......... .......... 12% 4.29M 2m4s
  8900K .......... .......... .......... .......... .......... 12% 4.64M 2m3s
  8950K .......... .......... .......... .......... .......... 12% 2.29M 2m2s
  9000K .......... .......... .......... .......... .......... 12% 2.77M 2m2s
  9050K .......... .......... .......... .......... .......... 12% 4.48M 2m1s
  9100K .......... .......... .......... .......... .......... 12%  604K 2m1s
  9150K .......... .......... .......... .......... .......... 12% 1.86M 2m0s
  9200K .......... .......... .......... .......... .......... 12%  861K 2m0s
  9250K .......... .......... .......... .......... .......... 12% 1.21M 1m59s
  9300K .......... .......... .......... .......... .......... 12% 1.81M 1m59s
  9350K .......... .......... .......... .......... .......... 12% 2.95M 1m58s
  9400K .......... .......... .......... .......... .......... 12%  668K 1m58s
  9450K .......... .......... .......... .......... .......... 13% 1.87M 1m57s
  9500K .......... .......... .......... .......... .......... 13%  585K 1m57s
  9550K .......... .......... .......... .......... .......... 13% 6.11M 1m57s
  9600K .......... .......... .......... .......... .......... 13%  901K 1m56s
  9650K .......... .......... .......... .......... .......... 13% 3.86M 1m56s
  9700K .......... .......... .......... .......... .......... 13%  846K 1m55s
  9750K .......... .......... .......... .......... .......... 13%  771K 1m55s
  9800K .......... .......... .......... .......... .......... 13% 4.31M 1m55s
  9850K .......... .......... .......... .......... .......... 13% 3.89M 1m54s
  9900K .......... .......... .......... .......... .......... 13% 3.42M 1m53s
  9950K .......... .......... .......... .......... .......... 13% 3.32M 1m53s
 10000K .......... .......... .......... .......... .......... 13% 4.43M 1m52s
 10050K .......... .......... .......... .......... .......... 13%  424K 1m52s
 10100K .......... .......... .......... .......... .......... 13% 2.81M 1m52s
 10150K .......... .......... .......... .......... .......... 14% 2.89M 1m51s
 10200K .......... .......... .......... .......... .......... 14% 3.22M 1m51s
 10250K .......... .......... .......... .......... .......... 14%  322K 1m51s
 10300K .......... .......... .......... .......... .......... 14% 1.72M 1m51s
 10350K .......... .......... .......... .......... .......... 14%  992K 1m50s
 10400K .......... .......... .......... .......... .......... 14% 2.69M 1m50s
 10450K .......... .......... .......... .......... .......... 14% 2.78M 1m49s
 10500K .......... .......... .......... .......... .......... 14% 3.90M 1m49s
 10550K .......... .......... .......... .......... .......... 14% 3.53M 1m48s
 10600K .......... .......... .......... .......... .......... 14% 2.69M 1m48s
 10650K .......... .......... .......... .......... .......... 14% 2.67M 1m47s
 10700K .......... .......... .......... .......... .......... 14% 3.69M 1m47s
 10750K .......... .......... .......... .......... .......... 14% 3.95M 1m46s
 10800K .......... .......... .......... .......... .......... 14% 1.34M 1m46s
 10850K .......... .......... .......... .......... .......... 14% 1.90M 1m45s
 10900K .......... .......... .......... .......... .......... 15% 1.04M 1m45s
 10950K .......... .......... .......... .......... .......... 15% 67.3K 1m49s
 11000K .......... .......... .......... .......... .......... 15%  567K 1m49s
 11050K .......... .......... .......... .......... .......... 15% 1.15M 1m48s
 11100K .......... .......... .......... .......... .......... 15% 23.6K 2m0s
 11150K .......... .......... .......... .......... .......... 15%  144K 2m1s
 11200K .......... .......... .......... .......... .......... 15% 1.30M 2m0s
 11250K .......... .......... .......... .......... .......... 15% 2.51M 2m0s
 11300K .......... .......... .......... .......... .......... 15% 2.66M 1m59s
 11350K .......... .......... .......... .......... .......... 15% 2.34M 1m59s
 11400K .......... .......... .......... .......... .......... 15%  116K 2m0s
 11450K .......... .......... .......... .......... .......... 15%  278K 2m1s
 11500K .......... .......... .......... .......... .......... 15%  165K 2m2s
 11550K .......... .......... .......... .......... .......... 15%  326K 2m2s
 11600K .......... .......... .......... .......... .......... 15%  118K 2m4s
 11650K .......... .......... .......... .......... .......... 16%  567K 2m3s
 11700K .......... .......... .......... .......... .......... 16% 76.4K 2m6s
 11750K .......... .......... .......... .......... .......... 16% 2.22M 2m6s
 11800K .......... .......... .......... .......... .......... 16% 3.06M 2m5s
 11850K .......... .......... .......... .......... .......... 16% 3.51M 2m5s
 11900K .......... .......... .......... .......... .......... 16% 3.65M 2m4s
 11950K .......... .......... .......... .......... .......... 16% 3.13M 2m3s
 12000K .......... .......... .......... .......... .......... 16% 3.77M 2m3s
 12050K .......... .......... .......... .......... .......... 16%  592K 2m3s
 12100K .......... .......... .......... .......... .......... 16%  312K 2m3s
 12150K .......... .......... .......... .......... .......... 16% 26.8K 2m12s
 12200K .......... .......... .......... .......... .......... 16% 3.74M 2m11s
 12250K .......... .......... .......... .......... .......... 16% 3.78M 2m10s
 12300K .......... .......... .......... .......... .......... 16% 3.24M 2m10s
 12350K .......... .......... .......... .......... .......... 17% 3.38M 2m9s
 12400K .......... .......... .......... .......... .......... 17% 3.55M 2m9s
 12450K .......... .......... .......... .......... .......... 17% 3.32M 2m8s
 12500K .......... .......... .......... .......... .......... 17% 3.67M 2m8s
 12550K .......... .......... .......... .......... .......... 17% 3.88M 2m7s
 12600K .......... .......... .......... .......... .......... 17% 2.83M 2m7s
 12650K .......... .......... .......... .......... .......... 17%  131K 2m8s
 12700K .......... .......... .......... .......... .......... 17% 3.41M 2m7s
 12750K .......... .......... .......... .......... .......... 17% 1.52M 2m7s
 12800K .......... .......... .......... .......... .......... 17% 3.19M 2m6s
 12850K .......... .......... .......... .......... .......... 17% 3.19M 2m6s
 12900K .......... .......... .......... .......... .......... 17% 1.92M 2m5s
 12950K .......... .......... .......... .......... .......... 17% 3.19M 2m5s
 13000K .......... .......... .......... .......... .......... 17%  547K 2m5s
 13050K .......... .......... .......... .......... .......... 17%  658K 2m4s
 13100K .......... .......... .......... .......... .......... 18% 3.08M 2m4s
 13150K .......... .......... .......... .......... .......... 18% 3.99M 2m3s
 13200K .......... .......... .......... .......... .......... 18% 3.19M 2m3s
 13250K .......... .......... .......... .......... .......... 18% 4.26M 2m2s
 13300K .......... .......... .......... .......... .......... 18% 2.54M 2m2s
 13350K .......... .......... .......... .......... .......... 18% 1.14M 2m2s
 13400K .......... .......... .......... .......... .......... 18%  239K 2m2s
 13450K .......... .......... .......... .......... .......... 18%  780K 2m2s
 13500K .......... .......... .......... .......... .......... 18% 3.47M 2m1s
 13550K .......... .......... .......... .......... .......... 18% 2.71M 2m1s
 13600K .......... .......... .......... .......... .......... 18% 3.56M 2m0s
 13650K .......... .......... .......... .......... .......... 18% 4.16M 2m0s
 13700K .......... .......... .......... .......... .......... 18% 3.40M 1m59s
 13750K .......... .......... .......... .......... .......... 18%  484K 1m59s
 13800K .......... .......... .......... .......... .......... 19% 3.71M 1m59s
 13850K .......... .......... .......... .......... .......... 19% 99.8K 2m0s
 13900K .......... .......... .......... .......... .......... 19% 3.66M 2m0s
 13950K .......... .......... .......... .......... .......... 19%  308K 2m0s
 14000K .......... .......... .......... .......... .......... 19% 2.57M 1m59s
 14050K .......... .......... .......... .......... .......... 19% 1.52M 1m59s
 14100K .......... .......... .......... .......... .......... 19%  355K 1m59s
 14150K .......... .......... .......... .......... .......... 19% 2.97M 1m59s
 14200K .......... .......... .......... .......... .......... 19% 2.70M 1m58s
 14250K .......... .......... .......... .......... .......... 19%  202K 1m59s
 14300K .......... .......... .......... .......... .......... 19% 3.67M 1m58s
 14350K .......... .......... .......... .......... .......... 19% 1.82M 1m58s
 14400K .......... .......... .......... .......... .......... 19% 4.26M 1m57s
 14450K .......... .......... .......... .......... .......... 19% 1.02M 1m57s
 14500K .......... .......... .......... .......... .......... 19% 2.38M 1m57s
 14550K .......... .......... .......... .......... .......... 20% 1.97M 1m56s
 14600K .......... .......... .......... .......... .......... 20% 1.04M 1m56s
 14650K .......... .......... .......... .......... .......... 20%  997K 1m56s
 14700K .......... .......... .......... .......... .......... 20%  237K 1m56s
 14750K .......... .......... .......... .......... .......... 20% 3.31M 1m56s
 14800K .......... .......... .......... .......... .......... 20% 1.19M 1m55s
 14850K .......... .......... .......... .......... .......... 20% 3.26M 1m55s
 14900K .......... .......... .......... .......... .......... 20%  328K 1m55s
 14950K .......... .......... .......... .......... .......... 20% 3.18M 1m55s
 15000K .......... .......... .......... .......... .......... 20% 3.57M 1m54s
 15050K .......... .......... .......... .......... .......... 20%  426K 1m54s
 15100K .......... .......... .......... .......... .......... 20%  742K 1m54s
 15150K .......... .......... .......... .......... .......... 20% 4.08M 1m53s
 15200K .......... .......... .......... .......... .......... 20% 2.36M 1m53s
 15250K .......... .......... .......... .......... .......... 21%  265K 1m53s
 15300K .......... .......... .......... .......... .......... 21% 3.98M 1m53s
 15350K .......... .......... .......... .......... .......... 21% 1.40M 1m52s
 15400K .......... .......... .......... .......... .......... 21% 3.37M 1m52s
 15450K .......... .......... .......... .......... .......... 21%  434K 1m52s
 15500K .......... .......... .......... .......... .......... 21%  294K 1m52s
 15550K .......... .......... .......... .......... .......... 21% 3.94M 1m52s
 15600K .......... .......... .......... .......... .......... 21% 1.33M 1m51s
 15650K .......... .......... .......... .......... .......... 21% 3.18M 1m51s
 15700K .......... .......... .......... .......... .......... 21% 3.51M 1m51s
 15750K .......... .......... .......... .......... .......... 21% 1.56M 1m50s
 15800K .......... .......... .......... .......... .......... 21%  366K 1m50s
 15850K .......... .......... .......... .......... .......... 21%  154K 1m51s
 15900K .......... .......... .......... .......... .......... 21%  335K 1m51s
 15950K .......... .......... .......... .......... .......... 21%  679K 1m51s
 16000K .......... .......... .......... .......... .......... 22%  341K 1m51s
 16050K .......... .......... .......... .......... .......... 22% 3.52M 1m51s
 16100K .......... .......... .......... .......... .......... 22% 2.46M 1m50s
 16150K .......... .......... .......... .......... .......... 22% 1.84M 1m50s
 16200K .......... .......... .......... .......... .......... 22%  429K 1m50s
 16250K .......... .......... .......... .......... .......... 22% 3.38M 1m50s
 16300K .......... .......... .......... .......... .......... 22% 3.51M 1m49s
 16350K .......... .......... .......... .......... .......... 22%  835K 1m49s
 16400K .......... .......... .......... .......... .......... 22%  187K 1m49s
 16450K .......... .......... .......... .......... .......... 22% 3.55M 1m49s
 16500K .......... .......... .......... .......... .......... 22% 1.85M 1m49s
 16550K .......... .......... .......... .......... .......... 22% 3.84M 1m48s
 16600K .......... .......... .......... .......... .......... 22% 3.09M 1m48s
 16650K .......... .......... .......... .......... .......... 22% 4.00M 1m48s
 16700K .......... .......... .......... .......... .......... 23%  176K 1m48s
 16750K .......... .......... .......... .......... .......... 23%  940K 1m48s
 16800K .......... .......... .......... .......... .......... 23%  241K 1m48s
 16850K .......... .......... .......... .......... .......... 23% 1.65M 1m48s
 16900K .......... .......... .......... .......... .......... 23% 3.94M 1m47s
 16950K .......... .......... .......... .......... .......... 23% 2.36M 1m47s
 17000K .......... .......... .......... .......... .......... 23% 4.04M 1m47s
 17050K .......... .......... .......... .......... .......... 23% 1.31M 1m46s
 17100K .......... .......... .......... .......... .......... 23% 2.44M 1m46s
 17150K .......... .......... .......... .......... .......... 23% 3.20M 1m46s
 17200K .......... .......... .......... .......... .......... 23%  274K 1m46s
 17250K .......... .......... .......... .......... .......... 23%  249K 1m46s
 17300K .......... .......... .......... .......... .......... 23% 1.39M 1m46s
 17350K .......... .......... .......... .......... .......... 23% 1.17M 1m46s
 17400K .......... .......... .......... .......... .......... 23% 1.46M 1m45s
 17450K .......... .......... .......... .......... .......... 24%  691K 1m45s
 17500K .......... .......... .......... .......... .......... 24% 1.48M 1m45s
 17550K .......... .......... .......... .......... .......... 24% 2.72M 1m45s
 17600K .......... .......... .......... .......... .......... 24% 2.82M 1m44s
 17650K .......... .......... .......... .......... .......... 24% 3.31M 1m44s
 17700K .......... .......... .......... .......... .......... 24%  838K 1m44s
 17750K .......... .......... .......... .......... .......... 24% 1.34M 1m43s
 17800K .......... .......... .......... .......... .......... 24% 3.51M 1m43s
 17850K .......... .......... .......... .......... .......... 24%  374K 1m43s
 17900K .......... .......... .......... .......... .......... 24%  494K 1m43s
 17950K .......... .......... .......... .......... .......... 24%  326K 1m43s
 18000K .......... .......... .......... .......... .......... 24%  544K 1m43s
 18050K .......... .......... .......... .......... .......... 24% 3.33M 1m43s
 18100K .......... .......... .......... .......... .......... 24% 3.34M 1m42s
 18150K .......... .......... .......... .......... .......... 24%  407K 1m42s
 18200K .......... .......... .......... .......... .......... 25% 1.29M 1m42s
 18250K .......... .......... .......... .......... .......... 25% 2.67M 1m42s
 18300K .......... .......... .......... .......... .......... 25% 1.56M 1m42s
 18350K .......... .......... .......... .......... .......... 25%  911K 1m41s
 18400K .......... .......... .......... .......... .......... 25%  116K 1m42s
 18450K .......... .......... .......... .......... .......... 25% 2.22M 1m42s
 18500K .......... .......... .......... .......... .......... 25% 3.54M 1m42s
 18550K .......... .......... .......... .......... .......... 25% 3.71M 1m41s
 18600K .......... .......... .......... .......... .......... 25% 2.06M 1m41s
 18650K .......... .......... .......... .......... .......... 25% 2.35M 1m41s
 18700K .......... .......... .......... .......... .......... 25% 1.15M 1m40s
 18750K .......... .......... .......... .......... .......... 25% 1.06M 1m40s
 18800K .......... .......... .......... .......... .......... 25% 1.71M 1m40s
 18850K .......... .......... .......... .......... .......... 25%  116K 1m41s
 18900K .......... .......... .......... .......... .......... 26% 2.88M 1m40s
 18950K .......... .......... .......... .......... .......... 26% 2.67M 1m40s
 19000K .......... .......... .......... .......... .......... 26% 3.01M 1m40s
 19050K .......... .......... .......... .......... .......... 26% 2.44M 1m40s
 19100K .......... .......... .......... .......... .......... 26% 1.06M 99s
 19150K .......... .......... .......... .......... .......... 26%  264K 1m40s
 19200K .......... .......... .......... .......... .......... 26% 40.1K 1m43s
 19250K .......... .......... .......... .......... .......... 26% 3.80M 1m42s
 19300K .......... .......... .......... .......... .......... 26% 4.74M 1m42s
 19350K .......... .......... .......... .......... .......... 26% 4.01M 1m42s
 19400K .......... .......... .......... .......... .......... 26% 4.39M 1m41s
 19450K .......... .......... .......... .......... .......... 26% 2.86M 1m41s
 19500K .......... .......... .......... .......... .......... 26% 3.35M 1m41s
 19550K .......... .......... .......... .......... .......... 26% 3.51M 1m40s
 19600K .......... .......... .......... .......... .......... 26% 4.05M 1m40s
 19650K .......... .......... .......... .......... .......... 27% 4.06M 1m40s
 19700K .......... .......... .......... .......... .......... 27% 3.13M 99s
 19750K .......... .......... .......... .......... .......... 27% 4.08M 99s
 19800K .......... .......... .......... .......... .......... 27% 3.55M 99s
 19850K .......... .......... .......... .......... .......... 27%  679K 99s
 19900K .......... .......... .......... .......... .......... 27% 3.97M 98s
 19950K .......... .......... .......... .......... .......... 27% 58.2K 1m40s
 20000K .......... .......... .......... .......... .......... 27%  363K 1m40s
 20050K .......... .......... .......... .......... .......... 27% 3.51M 1m40s
 20100K .......... .......... .......... .......... .......... 27% 3.65M 1m40s
 20150K .......... .......... .......... .......... .......... 27% 3.93M 99s
 20200K .......... .......... .......... .......... .......... 27% 3.45M 99s
 20250K .......... .......... .......... .......... .......... 27% 3.65M 99s
 20300K .......... .......... .......... .......... .......... 27% 2.27M 99s
 20350K .......... .......... .......... .......... .......... 28% 82.7K 1m40s
 20400K .......... .......... .......... .......... .......... 28%  848K 1m40s
 20450K .......... .......... .......... .......... .......... 28% 33.2K 1m43s
 20500K .......... .......... .......... .......... .......... 28% 3.60M 1m43s
 20550K .......... .......... .......... .......... .......... 28% 2.56M 1m42s
 20600K .......... .......... .......... .......... .......... 28% 3.55M 1m42s
 20650K .......... .......... .......... .......... .......... 28% 3.46M 1m42s
 20700K .......... .......... .......... .......... .......... 28% 3.41M 1m42s
 20750K .......... .......... .......... .......... .......... 28% 4.06M 1m41s
 20800K .......... .......... .......... .......... .......... 28% 3.86M 1m41s
 20850K .......... .......... .......... .......... .......... 28% 3.19M 1m41s
 20900K .......... .......... .......... .......... .......... 28% 3.72M 1m40s
 20950K .......... .......... .......... .......... .......... 28% 3.22M 1m40s
 21000K .......... .......... .......... .......... .......... 28% 3.85M 1m40s
 21050K .......... .......... .......... .......... .......... 28% 3.75M 99s
 21100K .......... .......... .......... .......... .......... 29% 3.74M 99s
 21150K .......... .......... .......... .......... .......... 29% 4.26M 99s
 21200K .......... .......... .......... .......... .......... 29% 3.13M 98s
 21250K .......... .......... .......... .......... .......... 29%  285K 99s
 21300K .......... .......... .......... .......... .......... 29% 73.5K 1m40s
 21350K .......... .......... .......... .......... .......... 29%  258K 1m40s
 21400K .......... .......... .......... .......... .......... 29%  455K 1m40s
 21450K .......... .......... .......... .......... .......... 29% 2.95M 1m40s
 21500K .......... .......... .......... .......... .......... 29%  332K 1m40s
 21550K .......... .......... .......... .......... .......... 29% 48.3K 1m42s
 21600K .......... .......... .......... .......... .......... 29%  516K 1m42s
 21650K .......... .......... .......... .......... .......... 29% 2.86M 1m41s
 21700K .......... .......... .......... .......... .......... 29% 3.07M 1m41s
 21750K .......... .......... .......... .......... .......... 29% 3.48M 1m41s
 21800K .......... .......... .......... .......... .......... 30% 3.54M 1m41s
 21850K .......... .......... .......... .......... .......... 30% 54.0K 1m42s
 21900K .......... .......... .......... .......... .......... 30%  127K 1m43s
 21950K .......... .......... .......... .......... .......... 30%  586K 1m43s
 22000K .......... .......... .......... .......... .......... 30% 3.40M 1m43s
 22050K .......... .......... .......... .......... .......... 30% 1.17M 1m42s
 22100K .......... .......... .......... .......... .......... 30%  805K 1m42s
 22150K .......... .......... .......... .......... .......... 30%  688K 1m42s
 22200K .......... .......... .......... .......... .......... 30%  199K 1m42s
 22250K .......... .......... .......... .......... .......... 30%  633K 1m42s
 22300K .......... .......... .......... .......... .......... 30% 1.54M 1m42s
 22350K .......... .......... .......... .......... .......... 30%  130K 1m42s
 22400K .......... .......... .......... .......... .......... 30% 2.37M 1m42s
 22450K .......... .......... .......... .......... .......... 30%  488K 1m42s
 22500K .......... .......... .......... .......... .......... 30%  853K 1m42s
 22550K .......... .......... .......... .......... .......... 31%  541K 1m42s
 22600K .......... .......... .......... .......... .......... 31%  423K 1m42s
 22650K .......... .......... .......... .......... .......... 31% 81.7K 1m43s
 22700K .......... .......... .......... .......... .......... 31% 33.7K 1m45s
 22750K .......... .......... .......... .......... .......... 31% 3.86M 1m45s
 22800K .......... .......... .......... .......... .......... 31% 4.07M 1m45s
 22850K .......... .......... .......... .......... .......... 31% 3.63M 1m45s
 22900K .......... .......... .......... .......... .......... 31% 3.38M 1m44s
 22950K .......... .......... .......... .......... .......... 31% 3.58M 1m44s
 23000K .......... .......... .......... .......... .......... 31% 4.23M 1m44s
 23050K .......... .......... .......... .......... .......... 31% 2.34M 1m43s
 23100K .......... .......... .......... .......... .......... 31% 2.26M 1m43s
 23150K .......... .......... .......... .......... .......... 31% 3.28M 1m43s
 23200K .......... .......... .......... .......... .......... 31% 2.78M 1m43s
 23250K .......... .......... .......... .......... .......... 31%  512K 1m42s
 23300K .......... .......... .......... .......... .......... 32% 82.5K 1m43s
 23350K .......... .......... .......... .......... .......... 32%  577K 1m43s
 23400K .......... .......... .......... .......... .......... 32%  432K 1m43s
 23450K .......... .......... .......... .......... .......... 32%  300K 1m43s
 23500K .......... .......... .......... .......... .......... 32%  120K 1m44s
 23550K .......... .......... .......... .......... .......... 32% 70.8K 1m45s
 23600K .......... .......... .......... .......... .......... 32%  869K 1m45s
 23650K .......... .......... .......... .......... .......... 32% 2.52M 1m44s
 23700K .......... .......... .......... .......... .......... 32% 1.92M 1m44s
 23750K .......... .......... .......... .......... .......... 32% 1.90M 1m44s
 23800K .......... .......... .......... .......... .......... 32% 3.41M 1m44s
 23850K .......... .......... .......... .......... .......... 32%  103K 1m44s
 23900K .......... .......... .......... .......... .......... 32%  123K 1m45s
 23950K .......... .......... .......... .......... .......... 32%  175K 1m45s
 24000K .......... .......... .......... .......... .......... 33% 3.87M 1m45s
 24050K .......... .......... .......... .......... .......... 33% 48.7K 1m46s
 24100K .......... .......... .......... .......... .......... 33%  366K 1m46s
 24150K .......... .......... .......... .......... .......... 33% 3.72M 1m46s
 24200K .......... .......... .......... .......... .......... 33% 3.71M 1m46s
 24250K .......... .......... .......... .......... .......... 33% 4.02M 1m45s
 24300K .......... .......... .......... .......... .......... 33% 4.09M 1m45s
 24350K .......... .......... .......... .......... .......... 33% 3.97M 1m45s
 24400K .......... .......... .......... .......... .......... 33% 4.40M 1m45s
 24450K .......... .......... .......... .......... .......... 33% 3.20M 1m44s
 24500K .......... .......... .......... .......... .......... 33% 44.0K 1m46s
 24550K .......... .......... .......... .......... .......... 33% 3.47M 1m46s
 24600K .......... .......... .......... .......... .......... 33% 3.82M 1m46s
 24650K .......... .......... .......... .......... .......... 33% 2.11M 1m45s
 24700K .......... .......... .......... .......... .......... 33% 3.10M 1m45s
 24750K .......... .......... .......... .......... .......... 34%  131K 1m45s
 24800K .......... .......... .......... .......... .......... 34% 1.79M 1m45s
 24850K .......... .......... .......... .......... .......... 34% 3.61M 1m45s
 24900K .......... .......... .......... .......... .......... 34% 76.0K 1m46s
 24950K .......... .......... .......... .......... .......... 34% 2.59M 1m46s
 25000K .......... .......... .......... .......... .......... 34% 3.25M 1m45s
 25050K .......... .......... .......... .......... .......... 34% 3.07M 1m45s
 25100K .......... .......... .......... .......... .......... 34% 2.83M 1m45s
 25150K .......... .......... .......... .......... .......... 34% 1.53M 1m44s
 25200K .......... .......... .......... .......... .......... 34%  124K 1m45s
 25250K .......... .......... .......... .......... .......... 34% 1.07M 1m45s
 25300K .......... .......... .......... .......... .......... 34% 3.39M 1m44s
 25350K .......... .......... .......... .......... .......... 34% 86.3K 1m45s
 25400K .......... .......... .......... .......... .......... 34% 1.99M 1m45s
 25450K .......... .......... .......... .......... .......... 35%  114K 1m45s
 25500K .......... .......... .......... .......... .......... 35% 2.03M 1m45s
 25550K .......... .......... .......... .......... .......... 35%  893K 1m45s
 25600K .......... .......... .......... .......... .......... 35%  156K 1m45s
 25650K .......... .......... .......... .......... .......... 35% 3.37M 1m45s
 25700K .......... .......... .......... .......... .......... 35% 1.03M 1m45s
 25750K .......... .......... .......... .......... .......... 35%  681K 1m44s
 25800K .......... .......... .......... .......... .......... 35%  155K 1m45s
 25850K .......... .......... .......... .......... .......... 35% 3.22M 1m44s
 25900K .......... .......... .......... .......... .......... 35% 70.6K 1m45s
 25950K .......... .......... .......... .......... .......... 35%  170K 1m46s
 26000K .......... .......... .......... .......... .......... 35% 3.87M 1m45s
 26050K .......... .......... .......... .......... .......... 35%  312K 1m45s
 26100K .......... .......... .......... .......... .......... 35%  201K 1m45s
 26150K .......... .......... .......... .......... .......... 35% 3.33M 1m45s
 26200K .......... .......... .......... .......... .......... 36% 2.04M 1m45s
 26250K .......... .......... .......... .......... .......... 36%  125K 1m45s
 26300K .......... .......... .......... .......... .......... 36% 4.01M 1m45s
 26350K .......... .......... .......... .......... .......... 36% 3.22M 1m45s
 26400K .......... .......... .......... .......... .......... 36% 79.7K 1m45s
 26450K .......... .......... .......... .......... .......... 36% 2.03M 1m45s
 26500K .......... .......... .......... .......... .......... 36%  436K 1m45s
 26550K .......... .......... .......... .......... .......... 36%  126K 1m45s
 26600K .......... .......... .......... .......... .......... 36% 3.11M 1m45s
 26650K .......... .......... .......... .......... .......... 36%  899K 1m45s
 26700K .......... .......... .......... .......... .......... 36%  190K 1m45s
 26750K .......... .......... .......... .......... .......... 36% 3.28M 1m45s
 26800K .......... .......... .......... .......... .......... 36% 1.56M 1m45s
 26850K .......... .......... .......... .......... .......... 36%  117K 1m45s
 26900K .......... .......... .......... .......... .......... 37% 3.22M 1m45s
 26950K .......... .......... .......... .......... .......... 37% 3.02M 1m44s
 27000K .......... .......... .......... .......... .......... 37%  674K 1m44s
 27050K .......... .......... .......... .......... .......... 37%  436K 1m44s
 27100K .......... .......... .......... .......... .......... 37%  963K 1m44s
 27150K .......... .......... .......... .......... .......... 37% 1.92M 1m44s
 27200K .......... .......... .......... .......... .......... 37% 68.9K 1m45s
 27250K .......... .......... .......... .......... .......... 37% 3.16M 1m44s
 27300K .......... .......... .......... .......... .......... 37% 3.97M 1m44s
 27350K .......... .......... .......... .......... .......... 37% 2.82M 1m44s
 27400K .......... .......... .......... .......... .......... 37% 65.6K 1m45s
 27450K .......... .......... .......... .......... .......... 37% 2.22M 1m44s
 27500K .......... .......... .......... .......... .......... 37% 3.68M 1m44s
 27550K .......... .......... .......... .......... .......... 37%  681K 1m44s
 27600K .......... .......... .......... .......... .......... 37%  135K 1m44s
 27650K .......... .......... .......... .......... .......... 38%  942K 1m44s
 27700K .......... .......... .......... .......... .......... 38%  610K 1m44s
 27750K .......... .......... .......... .......... .......... 38% 4.32M 1m44s
 27800K .......... .......... .......... .......... .......... 38%  238K 1m44s
 27850K .......... .......... .......... .......... .......... 38% 3.26M 1m43s
 27900K .......... .......... .......... .......... .......... 38%  720K 1m43s
 27950K .......... .......... .......... .......... .......... 38%  558K 1m43s
 28000K .......... .......... .......... .......... .......... 38%  141K 1m43s
 28050K .......... .......... .......... .......... .......... 38% 1.55M 1m43s
 28100K .......... .......... .......... .......... .......... 38% 1.34M 1m43s
 28150K .......... .......... .......... .......... .......... 38% 1.79M 1m42s
 28200K .......... .......... .......... .......... .......... 38% 1.15M 1m42s
 28250K .......... .......... .......... .......... .......... 38% 47.9K 1m44s
 28300K .......... .......... .......... .......... .......... 38% 3.19M 1m43s
 28350K .......... .......... .......... .......... .......... 39% 2.83M 1m43s
 28400K .......... .......... .......... .......... .......... 39% 4.05M 1m43s
 28450K .......... .......... .......... .......... .......... 39% 1.33M 1m43s
 28500K .......... .......... .......... .......... .......... 39% 1.26M 1m42s
 28550K .......... .......... .......... .......... .......... 39% 2.69M 1m42s
 28600K .......... .......... .......... .......... .......... 39% 91.4K 1m43s
 28650K .......... .......... .......... .......... .......... 39% 3.40M 1m42s
 28700K .......... .......... .......... .......... .......... 39% 2.82M 1m42s
 28750K .......... .......... .......... .......... .......... 39% 4.19M 1m42s
 28800K .......... .......... .......... .......... .......... 39% 3.31M 1m42s
 28850K .......... .......... .......... .......... .......... 39% 3.15M 1m41s
 28900K .......... .......... .......... .......... .......... 39% 3.64M 1m41s
 28950K .......... .......... .......... .......... .......... 39%  110K 1m41s
 29000K .......... .......... .......... .......... .......... 39%  192K 1m41s
 29050K .......... .......... .......... .......... .......... 39% 2.23M 1m41s
 29100K .......... .......... .......... .......... .......... 40% 3.23M 1m41s
 29150K .......... .......... .......... .......... .......... 40% 3.57M 1m41s
 29200K .......... .......... .......... .......... .......... 40% 1.35M 1m40s
 29250K .......... .......... .......... .......... .......... 40% 3.89M 1m40s
 29300K .......... .......... .......... .......... .......... 40% 1.60M 1m40s
 29350K .......... .......... .......... .......... .......... 40% 1.90M 1m40s
 29400K .......... .......... .......... .......... .......... 40%  162K 1m40s
 29450K .......... .......... .......... .......... .......... 40%  181K 1m40s
 29500K .......... .......... .......... .......... .......... 40%  805K 1m40s
 29550K .......... .......... .......... .......... .......... 40%  504K 1m40s
 29600K .......... .......... .......... .......... .......... 40% 1.29M 99s
 29650K .......... .......... .......... .......... .......... 40% 2.57M 99s
 29700K .......... .......... .......... .......... .......... 40%  362K 99s
 29750K .......... .......... .......... .......... .......... 40% 1.04M 99s
 29800K .......... .......... .......... .......... .......... 40%  570K 99s
 29850K .......... .......... .......... .......... .......... 41%  372K 99s
 29900K .......... .......... .......... .......... .......... 41% 2.46M 98s
 29950K .......... .......... .......... .......... .......... 41%  197K 98s
 30000K .......... .......... .......... .......... .......... 41% 1.53M 98s
 30050K .......... .......... .......... .......... .......... 41% 1.10M 98s
 30100K .......... .......... .......... .......... .......... 41% 3.33M 98s
 30150K .......... .......... .......... .......... .......... 41% 3.72M 98s
 30200K .......... .......... .......... .......... .......... 41% 1.80M 97s
 30250K .......... .......... .......... .......... .......... 41% 1.99M 97s
 30300K .......... .......... .......... .......... .......... 41% 1.61M 97s
 30350K .......... .......... .......... .......... .......... 41% 1.36M 97s
 30400K .......... .......... .......... .......... .......... 41% 3.78M 96s
 30450K .......... .......... .......... .......... .......... 41%  349K 96s
 30500K .......... .......... .......... .......... .......... 41% 2.80M 96s
 30550K .......... .......... .......... .......... .......... 42%  495K 96s
 30600K .......... .......... .......... .......... .......... 42%  773K 96s
 30650K .......... .......... .......... .......... .......... 42% 2.30M 95s
 30700K .......... .......... .......... .......... .......... 42%  965K 95s
 30750K .......... .......... .......... .......... .......... 42% 3.43M 95s
 30800K .......... .......... .......... .......... .......... 42% 3.22M 95s
 30850K .......... .......... .......... .......... .......... 42% 2.46M 95s
 30900K .......... .......... .......... .......... .......... 42% 3.16M 94s
 30950K .......... .......... .......... .......... .......... 42% 2.91M 94s
 31000K .......... .......... .......... .......... .......... 42% 3.58M 94s
 31050K .......... .......... .......... .......... .......... 42% 4.08M 94s
 31100K .......... .......... .......... .......... .......... 42%  987K 93s
 31150K .......... .......... .......... .......... .......... 42%  808K 93s
 31200K .......... .......... .......... .......... .......... 42%  830K 93s
 31250K .......... .......... .......... .......... .......... 42% 1.67M 93s
 31300K .......... .......... .......... .......... .......... 43%  307K 93s
 31350K .......... .......... .......... .......... .......... 43% 2.54M 92s
 31400K .......... .......... .......... .......... .......... 43% 2.30M 92s
 31450K .......... .......... .......... .......... .......... 43% 2.16M 92s
 31500K .......... .......... .......... .......... .......... 43% 2.70M 92s
 31550K .......... .......... .......... .......... .......... 43% 2.67M 92s
 31600K .......... .......... .......... .......... .......... 43% 1.08M 91s
 31650K .......... .......... .......... .......... .......... 43% 3.60M 91s
 31700K .......... .......... .......... .......... .......... 43% 1.75M 91s
 31750K .......... .......... .......... .......... .......... 43%  914K 91s
 31800K .......... .......... .......... .......... .......... 43% 3.98M 90s
 31850K .......... .......... .......... .......... .......... 43%  442K 90s
 31900K .......... .......... .......... .......... .......... 43%  819K 90s
 31950K .......... .......... .......... .......... .......... 43% 2.17M 90s
 32000K .......... .......... .......... .......... .......... 44%  131K 90s
 32050K .......... .......... .......... .......... .......... 44% 3.76M 90s
 32100K .......... .......... .......... .......... .......... 44%  197K 90s
 32150K .......... .......... .......... .......... .......... 44% 22.1K 93s
 32200K .......... .......... .......... .......... .......... 44% 41.0K 94s
 32250K .......... .......... .......... .......... .......... 44% 3.95M 94s
 32300K .......... .......... .......... .......... .......... 44% 4.06M 93s
 32350K .......... .......... .......... .......... .......... 44% 3.30M 93s
 32400K .......... .......... .......... .......... .......... 44% 3.60M 93s
 32450K .......... .......... .......... .......... .......... 44% 3.01M 93s
 32500K .......... .......... .......... .......... .......... 44% 3.66M 92s
 32550K .......... .......... .......... .......... .......... 44% 4.00M 92s
 32600K .......... .......... .......... .......... .......... 44% 2.93M 92s
 32650K .......... .......... .......... .......... .......... 44% 3.70M 92s
 32700K .......... .......... .......... .......... .......... 44% 2.46M 92s
 32750K .......... .......... .......... .......... .......... 45% 3.86M 91s
 32800K .......... .......... .......... .......... .......... 45% 3.87M 91s
 32850K .......... .......... .......... .......... .......... 45% 3.01M 91s
 32900K .......... .......... .......... .......... .......... 45% 3.46M 91s
 32950K .......... .......... .......... .......... .......... 45% 3.74M 90s
 33000K .......... .......... .......... .......... .......... 45% 3.54M 90s
 33050K .......... .......... .......... .......... .......... 45% 3.52M 90s
 33100K .......... .......... .......... .......... .......... 45% 3.10M 90s
 33150K .......... .......... .......... .......... .......... 45% 3.57M 89s
 33200K .......... .......... .......... .......... .......... 45% 2.72M 89s
 33250K .......... .......... .......... .......... .......... 45% 3.46M 89s
 33300K .......... .......... .......... .......... .......... 45% 3.42M 89s
 33350K .......... .......... .......... .......... .......... 45% 2.83M 89s
 33400K .......... .......... .......... .......... .......... 45% 3.54M 88s
 33450K .......... .......... .......... .......... .......... 46% 2.91M 88s
 33500K .......... .......... .......... .......... .......... 46% 3.50M 88s
 33550K .......... .......... .......... .......... .......... 46% 3.95M 88s
 33600K .......... .......... .......... .......... .......... 46% 3.70M 87s
 33650K .......... .......... .......... .......... .......... 46% 4.27M 87s
 33700K .......... .......... .......... .......... .......... 46% 3.38M 87s
 33750K .......... .......... .......... .......... .......... 46% 4.35M 87s
 33800K .......... .......... .......... .......... .......... 46% 3.55M 86s
 33850K .......... .......... .......... .......... .......... 46% 3.19M 86s
 33900K .......... .......... .......... .......... .......... 46% 3.61M 86s
 33950K .......... .......... .......... .......... .......... 46% 3.41M 86s
 34000K .......... .......... .......... .......... .......... 46% 3.83M 86s
 34050K .......... .......... .......... .......... .......... 46% 3.44M 85s
 34100K .......... .......... .......... .......... .......... 46% 47.5K 86s
 34150K .......... .......... .......... .......... .......... 46%  135K 87s
 34200K .......... .......... .......... .......... .......... 47% 3.65M 86s
 34250K .......... .......... .......... .......... .......... 47% 3.04M 86s
 34300K .......... .......... .......... .......... .......... 47% 4.22M 86s
 34350K .......... .......... .......... .......... .......... 47% 3.86M 86s
 34400K .......... .......... .......... .......... .......... 47%  954K 85s
 34450K .......... .......... .......... .......... .......... 47% 3.56M 85s
 34500K .......... .......... .......... .......... .......... 47% 3.86M 85s
 34550K .......... .......... .......... .......... .......... 47% 1.30M 85s
 34600K .......... .......... .......... .......... .......... 47% 15.9K 88s
 34650K .......... .......... .......... .......... .......... 47% 3.10M 88s
 34700K .......... .......... .......... .......... .......... 47% 2.98M 88s
 34750K .......... .......... .......... .......... .......... 47% 3.24M 87s
 34800K .......... .......... .......... .......... .......... 47% 3.05M 87s
 34850K .......... .......... .......... .......... .......... 47% 2.75M 87s
 34900K .......... .......... .......... .......... .......... 47% 3.00M 87s
 34950K .......... .......... .......... .......... .......... 48% 2.81M 87s
 35000K .......... .......... .......... .......... .......... 48% 3.21M 86s
 35050K .......... .......... .......... .......... .......... 48% 3.44M 86s
 35100K .......... .......... .......... .......... .......... 48% 2.57M 86s
 35150K .......... .......... .......... .......... .......... 48% 3.55M 86s
 35200K .......... .......... .......... .......... .......... 48% 2.87M 85s
 35250K .......... .......... .......... .......... .......... 48% 3.51M 85s
 35300K .......... .......... .......... .......... .......... 48% 3.25M 85s
 35350K .......... .......... .......... .......... .......... 48% 2.85M 85s
 35400K .......... .......... .......... .......... .......... 48% 3.59M 85s
 35450K .......... .......... .......... .......... .......... 48% 2.67M 84s
 35500K .......... .......... .......... .......... .......... 48% 3.02M 84s
 35550K .......... .......... .......... .......... .......... 48% 2.99M 84s
 35600K .......... .......... .......... .......... .......... 48% 2.95M 84s
 35650K .......... .......... .......... .......... .......... 49% 3.15M 83s
 35700K .......... .......... .......... .......... .......... 49% 2.66M 83s
 35750K .......... .......... .......... .......... .......... 49% 3.05M 83s
 35800K .......... .......... .......... .......... .......... 49% 2.98M 83s
 35850K .......... .......... .......... .......... .......... 49% 3.02M 83s
 35900K .......... .......... .......... .......... .......... 49% 3.88M 82s
 35950K .......... .......... .......... .......... .......... 49% 2.77M 82s
 36000K .......... .......... .......... .......... .......... 49% 2.40M 82s
 36050K .......... .......... .......... .......... .......... 49% 1.03M 82s
 36100K .......... .......... .......... .......... .......... 49% 2.08M 82s
 36150K .......... .......... .......... .......... .......... 49% 2.84M 81s
 36200K .......... .......... .......... .......... .......... 49% 2.12M 81s
 36250K .......... .......... .......... .......... .......... 49%  123K 81s
 36300K .......... .......... .......... .......... .......... 49% 3.40M 81s
 36350K .......... .......... .......... .......... .......... 49% 3.19M 81s
 36400K .......... .......... .......... .......... .......... 50% 3.86M 81s
 36450K .......... .......... .......... .......... .......... 50% 3.28M 81s
 36500K .......... .......... .......... .......... .......... 50% 4.06M 80s
 36550K .......... .......... .......... .......... .......... 50% 3.32M 80s
 36600K .......... .......... .......... .......... .......... 50%  307K 80s
 36650K .......... .......... .......... .......... .......... 50% 1.41M 80s
 36700K .......... .......... .......... .......... .......... 50% 1.27M 80s
 36750K .......... .......... .......... .......... .......... 50% 2.83M 80s
 36800K .......... .......... .......... .......... .......... 50% 2.98M 79s
 36850K .......... .......... .......... .......... .......... 50% 2.64M 79s
 36900K .......... .......... .......... .......... .......... 50% 3.10M 79s
 36950K .......... .......... .......... .......... .......... 50% 2.36M 79s
 37000K .......... .......... .......... .......... .......... 50% 2.95M 79s
 37050K .......... .......... .......... .......... .......... 50%  786K 78s
 37100K .......... .......... .......... .......... .......... 51% 2.74M 78s
 37150K .......... .......... .......... .......... .......... 51% 3.75M 78s
 37200K .......... .......... .......... .......... .......... 51% 1.93M 78s
 37250K .......... .......... .......... .......... .......... 51% 3.46M 78s
 37300K .......... .......... .......... .......... .......... 51% 3.71M 77s
 37350K .......... .......... .......... .......... .......... 51%  198K 77s
 37400K .......... .......... .......... .......... .......... 51% 3.31M 77s
 37450K .......... .......... .......... .......... .......... 51% 3.49M 77s
 37500K .......... .......... .......... .......... .......... 51% 3.31M 77s
 37550K .......... .......... .......... .......... .......... 51% 4.47M 77s
 37600K .......... .......... .......... .......... .......... 51% 3.59M 76s
 37650K .......... .......... .......... .......... .......... 51% 3.81M 76s
 37700K .......... .......... .......... .......... .......... 51% 3.49M 76s
 37750K .......... .......... .......... .......... .......... 51% 3.86M 76s
 37800K .......... .......... .......... .......... .......... 51% 2.99M 76s
 37850K .......... .......... .......... .......... .......... 52%  297K 76s
 37900K .......... .......... .......... .......... .......... 52% 2.53M 75s
 37950K .......... .......... .......... .......... .......... 52% 2.54M 75s
 38000K .......... .......... .......... .......... .......... 52% 3.83M 75s
 38050K .......... .......... .......... .......... .......... 52% 4.72M 75s
 38100K .......... .......... .......... .......... .......... 52% 1.88M 75s
 38150K .......... .......... .......... .......... .......... 52%  986K 74s
 38200K .......... .......... .......... .......... .......... 52% 3.68M 74s
 38250K .......... .......... .......... .......... .......... 52%  703K 74s
 38300K .......... .......... .......... .......... .......... 52%  225K 74s
 38350K .......... .......... .......... .......... .......... 52% 3.16M 74s
 38400K .......... .......... .......... .......... .......... 52% 2.57M 74s
 38450K .......... .......... .......... .......... .......... 52% 3.11M 74s
 38500K .......... .......... .......... .......... .......... 52% 4.31M 73s
 38550K .......... .......... .......... .......... .......... 53% 4.64M 73s
 38600K .......... .......... .......... .......... .......... 53% 2.42M 73s
 38650K .......... .......... .......... .......... .......... 53%  254K 73s
 38700K .......... .......... .......... .......... .......... 53% 1.71M 73s
 38750K .......... .......... .......... .......... .......... 53% 3.63M 73s
 38800K .......... .......... .......... .......... .......... 53% 2.20M 72s
 38850K .......... .......... .......... .......... .......... 53% 3.26M 72s
 38900K .......... .......... .......... .......... .......... 53% 3.20M 72s
 38950K .......... .......... .......... .......... .......... 53% 2.76M 72s
 39000K .......... .......... .......... .......... .......... 53% 3.80M 72s
 39050K .......... .......... .......... .......... .......... 53% 2.39M 71s
 39100K .......... .......... .......... .......... .......... 53% 2.55M 71s
 39150K .......... .......... .......... .......... .......... 53%  208K 71s
 39200K .......... .......... .......... .......... .......... 53% 2.58M 71s
 39250K .......... .......... .......... .......... .......... 53% 2.02M 71s
 39300K .......... .......... .......... .......... .......... 54% 1.85M 71s
 39350K .......... .......... .......... .......... .......... 54% 1.81M 71s
 39400K .......... .......... .......... .......... .......... 54% 3.14M 70s
 39450K .......... .......... .......... .......... .......... 54% 3.12M 70s
 39500K .......... .......... .......... .......... .......... 54% 3.59M 70s
 39550K .......... .......... .......... .......... .......... 54%  752K 70s
 39600K .......... .......... .......... .......... .......... 54% 2.95M 70s
 39650K .......... .......... .......... .......... .......... 54%  256K 70s
 39700K .......... .......... .......... .......... .......... 54%  539K 70s
 39750K .......... .......... .......... .......... .......... 54% 2.91M 69s
 39800K .......... .......... .......... .......... .......... 54% 2.12M 69s
 39850K .......... .......... .......... .......... .......... 54% 3.08M 69s
 39900K .......... .......... .......... .......... .......... 54% 3.73M 69s
 39950K .......... .......... .......... .......... .......... 54% 3.40M 69s
 40000K .......... .......... .......... .......... .......... 55% 44.5K 69s
 40050K .......... .......... .......... .......... .......... 55% 2.81M 69s
 40100K .......... .......... .......... .......... .......... 55% 3.16M 69s
 40150K .......... .......... .......... .......... .......... 55% 2.91M 69s
 40200K .......... .......... .......... .......... .......... 55% 2.52M 69s
 40250K .......... .......... .......... .......... .......... 55% 2.87M 69s
 40300K .......... .......... .......... .......... .......... 55% 3.45M 68s
 40350K .......... .......... .......... .......... .......... 55% 2.93M 68s
 40400K .......... .......... .......... .......... .......... 55% 3.31M 68s
 40450K .......... .......... .......... .......... .......... 55% 3.01M 68s
 40500K .......... .......... .......... .......... .......... 55% 3.30M 68s
 40550K .......... .......... .......... .......... .......... 55% 3.24M 68s
 40600K .......... .......... .......... .......... .......... 55% 2.98M 67s
 40650K .......... .......... .......... .......... .......... 55% 3.25M 67s
 40700K .......... .......... .......... .......... .......... 55% 3.02M 67s
 40750K .......... .......... .......... .......... .......... 56% 3.17M 67s
 40800K .......... .......... .......... .......... .......... 56% 3.04M 67s
 40850K .......... .......... .......... .......... .......... 56% 2.46M 66s
 40900K .......... .......... .......... .......... .......... 56% 3.10M 66s
 40950K .......... .......... .......... .......... .......... 56% 2.58M 66s
 41000K .......... .......... .......... .......... .......... 56% 3.38M 66s
 41050K .......... .......... .......... .......... .......... 56% 3.05M 66s
 41100K .......... .......... .......... .......... .......... 56%  259K 66s
 41150K .......... .......... .......... .......... .......... 56%  706K 66s
 41200K .......... .......... .......... .......... .......... 56% 2.74M 65s
 41250K .......... .......... .......... .......... .......... 56% 2.18M 65s
 41300K .......... .......... .......... .......... .......... 56% 3.14M 65s
 41350K .......... .......... .......... .......... .......... 56% 2.80M 65s
 41400K .......... .......... .......... .......... .......... 56% 3.66M 65s
 41450K .......... .......... .......... .......... .......... 56%  193K 65s
 41500K .......... .......... .......... .......... .......... 57% 3.15M 65s
 41550K .......... .......... .......... .......... .......... 57% 3.15M 64s
 41600K .......... .......... .......... .......... .......... 57% 2.92M 64s
 41650K .......... .......... .......... .......... .......... 57% 3.23M 64s
 41700K .......... .......... .......... .......... .......... 57% 1.26M 64s
 41750K .......... .......... .......... .......... .......... 57% 3.07M 64s
 41800K .......... .......... .......... .......... .......... 57% 3.10M 64s
 41850K .......... .......... .......... .......... .......... 57%  461K 64s
 41900K .......... .......... .......... .......... .......... 57% 1.85M 63s
 41950K .......... .......... .......... .......... .......... 57% 1.93M 63s
 42000K .......... .......... .......... .......... .......... 57% 2.44M 63s
 42050K .......... .......... .......... .......... .......... 57% 2.48M 63s
 42100K .......... .......... .......... .......... .......... 57% 2.39M 63s
 42150K .......... .......... .......... .......... .......... 57% 2.96M 63s
 42200K .......... .......... .......... .......... .......... 58% 1.45M 62s
 42250K .......... .......... .......... .......... .......... 58%  175K 62s
 42300K .......... .......... .......... .......... .......... 58% 2.66M 62s
 42350K .......... .......... .......... .......... .......... 58% 3.49M 62s
 42400K .......... .......... .......... .......... .......... 58% 1.60M 62s
 42450K .......... .......... .......... .......... .......... 58% 2.84M 62s
 42500K .......... .......... .......... .......... .......... 58% 3.22M 62s
 42550K .......... .......... .......... .......... .......... 58% 3.52M 61s
 42600K .......... .......... .......... .......... .......... 58%  362K 61s
 42650K .......... .......... .......... .......... .......... 58%  687K 61s
 42700K .......... .......... .......... .......... .......... 58% 1.77M 61s
 42750K .......... .......... .......... .......... .......... 58% 1.71M 61s
 42800K .......... .......... .......... .......... .......... 58% 2.31M 61s
 42850K .......... .......... .......... .......... .......... 58% 1.56M 61s
 42900K .......... .......... .......... .......... .......... 58% 1.90M 60s
 42950K .......... .......... .......... .......... .......... 59% 2.67M 60s
 43000K .......... .......... .......... .......... .......... 59% 2.91M 60s
 43050K .......... .......... .......... .......... .......... 59%  110K 60s
 43100K .......... .......... .......... .......... .......... 59%  122K 60s
 43150K .......... .......... .......... .......... .......... 59% 3.99M 60s
 43200K .......... .......... .......... .......... .......... 59% 2.46M 60s
 43250K .......... .......... .......... .......... .......... 59%  469K 60s
 43300K .......... .......... .......... .......... .......... 59% 2.88M 60s
 43350K .......... .......... .......... .......... .......... 59% 1.85M 60s
 43400K .......... .......... .......... .......... .......... 59% 3.67M 60s
 43450K .......... .......... .......... .......... .......... 59%  146K 60s
 43500K .......... .......... .......... .......... .......... 59%  289K 60s
 43550K .......... .......... .......... .......... .......... 59% 2.32M 59s
 43600K .......... .......... .......... .......... .......... 59% 2.19M 59s
 43650K .......... .......... .......... .......... .......... 60% 2.05M 59s
 43700K .......... .......... .......... .......... .......... 60% 1.82M 59s
 43750K .......... .......... .......... .......... .......... 60% 2.33M 59s
 43800K .......... .......... .......... .......... .......... 60% 2.15M 59s
 43850K .......... .......... .......... .......... .......... 60% 2.28M 58s
 43900K .......... .......... .......... .......... .......... 60% 73.7K 59s
 43950K .......... .......... .......... .......... .......... 60%  119K 59s
 44000K .......... .......... .......... .......... .......... 60% 2.90M 59s
 44050K .......... .......... .......... .......... .......... 60% 3.26M 59s
 44100K .......... .......... .......... .......... .......... 60% 2.78M 58s
 44150K .......... .......... .......... .......... .......... 60% 3.18M 58s
 44200K .......... .......... .......... .......... .......... 60% 2.75M 58s
 44250K .......... .......... .......... .......... .......... 60% 3.28M 58s
 44300K .......... .......... .......... .......... .......... 60% 3.23M 58s
 44350K .......... .......... .......... .......... .......... 60% 95.9K 58s
 44400K .......... .......... .......... .......... .......... 61% 83.9K 58s
 44450K .......... .......... .......... .......... .......... 61% 2.16M 58s
 44500K .......... .......... .......... .......... .......... 61% 1.82M 58s
 44550K .......... .......... .......... .......... .......... 61% 1.35M 58s
 44600K .......... .......... .......... .......... .......... 61% 2.56M 58s
 44650K .......... .......... .......... .......... .......... 61% 2.95M 57s
 44700K .......... .......... .......... .......... .......... 61% 2.65M 57s
 44750K .......... .......... .......... .......... .......... 61% 2.80M 57s
 44800K .......... .......... .......... .......... .......... 61%  123K 57s
 44850K .......... .......... .......... .......... .......... 61%  160K 57s
 44900K .......... .......... .......... .......... .......... 61% 2.39M 57s
 44950K .......... .......... .......... .......... .......... 61% 2.31M 57s
 45000K .......... .......... .......... .......... .......... 61%  532K 57s
 45050K .......... .......... .......... .......... .......... 61%  277K 57s
 45100K .......... .......... .......... .......... .......... 62% 1.42M 57s
 45150K .......... .......... .......... .......... .......... 62% 3.03M 56s
 45200K .......... .......... .......... .......... .......... 62% 1.37M 56s
 45250K .......... .......... .......... .......... .......... 62% 70.2K 57s
 45300K .......... .......... .......... .......... .......... 62%  366K 56s
 45350K .......... .......... .......... .......... .......... 62% 1.17M 56s
 45400K .......... .......... .......... .......... .......... 62% 2.73M 56s
 45450K .......... .......... .......... .......... .......... 62% 2.67M 56s
 45500K .......... .......... .......... .......... .......... 62% 2.30M 56s
 45550K .......... .......... .......... .......... .......... 62% 1.69M 56s
 45600K .......... .......... .......... .......... .......... 62% 97.0K 56s
 45650K .......... .......... .......... .......... .......... 62% 2.85M 56s
 45700K .......... .......... .......... .......... .......... 62%  126K 56s
 45750K .......... .......... .......... .......... .......... 62% 3.18M 56s
 45800K .......... .......... .......... .......... .......... 62% 3.12M 55s
 45850K .......... .......... .......... .......... .......... 63%  457K 55s
 45900K .......... .......... .......... .......... .......... 63% 2.52M 55s
 45950K .......... .......... .......... .......... .......... 63%  460K 55s
 46000K .......... .......... .......... .......... .......... 63% 4.76M 55s
 46050K .......... .......... .......... .......... .......... 63% 4.76M 55s
 46100K .......... .......... .......... .......... .......... 63% 48.9K 55s
 46150K .......... .......... .......... .......... .......... 63%  488K 55s
 46200K .......... .......... .......... .......... .......... 63% 2.18M 55s
 46250K .......... .......... .......... .......... .......... 63% 2.95M 55s
 46300K .......... .......... .......... .......... .......... 63% 2.76M 55s
 46350K .......... .......... .......... .......... .......... 63% 2.75M 55s
 46400K .......... .......... .......... .......... .......... 63% 3.16M 54s
 46450K .......... .......... .......... .......... .......... 63% 2.89M 54s
 46500K .......... .......... .......... .......... .......... 63% 3.15M 54s
 46550K .......... .......... .......... .......... .......... 63% 3.10M 54s
 46600K .......... .......... .......... .......... .......... 64% 55.1K 54s
 46650K .......... .......... .......... .......... .......... 64% 72.1K 54s
 46700K .......... .......... .......... .......... .......... 64% 1.85M 54s
 46750K .......... .......... .......... .......... .......... 64% 1.93M 54s
 46800K .......... .......... .......... .......... .......... 64% 1.30M 54s
 46850K .......... .......... .......... .......... .......... 64%  490K 54s
 46900K .......... .......... .......... .......... .......... 64% 1.68M 54s
 46950K .......... .......... .......... .......... .......... 64% 1.53M 54s
 47000K .......... .......... .......... .......... .......... 64% 2.92M 53s
 47050K .......... .......... .......... .......... .......... 64% 1.22M 53s
 47100K .......... .......... .......... .......... .......... 64% 1.09M 53s
 47150K .......... .......... .......... .......... .......... 64% 78.9K 53s
 47200K .......... .......... .......... .......... .......... 64% 1.31M 53s
 47250K .......... .......... .......... .......... .......... 64% 2.08M 53s
 47300K .......... .......... .......... .......... .......... 65%  724K 53s
 47350K .......... .......... .......... .......... .......... 65% 2.86M 53s
 47400K .......... .......... .......... .......... .......... 65% 1006K 53s
 47450K .......... .......... .......... .......... .......... 65% 1.74M 53s
 47500K .......... .......... .......... .......... .......... 65%  544K 52s
 47550K .......... .......... .......... .......... .......... 65% 2.22M 52s
 47600K .......... .......... .......... .......... .......... 65% 3.16M 52s
 47650K .......... .......... .......... .......... .......... 65% 1.18M 52s
 47700K .......... .......... .......... .......... .......... 65%  285K 52s
 47750K .......... .......... .......... .......... .......... 65% 1.15M 52s
 47800K .......... .......... .......... .......... .......... 65% 1.96M 52s
 47850K .......... .......... .......... .......... .......... 65%  206K 52s
 47900K .......... .......... .......... .......... .......... 65% 1.45M 52s
 47950K .......... .......... .......... .......... .......... 65% 2.32M 51s
 48000K .......... .......... .......... .......... .......... 65% 2.83M 51s
 48050K .......... .......... .......... .......... .......... 66% 2.76M 51s
 48100K .......... .......... .......... .......... .......... 66% 2.13M 51s
 48150K .......... .......... .......... .......... .......... 66% 2.59M 51s
 48200K .......... .......... .......... .......... .......... 66% 2.58M 51s
 48250K .......... .......... .......... .......... .......... 66% 2.73M 50s
 48300K .......... .......... .......... .......... .......... 66% 2.78M 50s
 48350K .......... .......... .......... .......... .......... 66% 1.72M 50s
 48400K .......... .......... .......... .......... .......... 66% 2.27M 50s
 48450K .......... .......... .......... .......... .......... 66% 1.95M 50s
 48500K .......... .......... .......... .......... .......... 66%  503K 50s
 48550K .......... .......... .......... .......... .......... 66% 3.08M 50s
 48600K .......... .......... .......... .......... .......... 66% 2.85M 50s
 48650K .......... .......... .......... .......... .......... 66%  244K 49s
 48700K .......... .......... .......... .......... .......... 66% 1.71M 49s
 48750K .......... .......... .......... .......... .......... 67%  967K 49s
 48800K .......... .......... .......... .......... .......... 67% 3.14M 49s
 48850K .......... .......... .......... .......... .......... 67%  649K 49s
 48900K .......... .......... .......... .......... .......... 67% 2.61M 49s
 48950K .......... .......... .......... .......... .......... 67% 2.72M 49s
 49000K .......... .......... .......... .......... .......... 67% 3.09M 49s
 49050K .......... .......... .......... .......... .......... 67% 2.78M 48s
 49100K .......... .......... .......... .......... .......... 67% 2.78M 48s
 49150K .......... .......... .......... .......... .......... 67% 2.97M 48s
 49200K .......... .......... .......... .......... .......... 67% 2.56M 48s
 49250K .......... .......... .......... .......... .......... 67% 3.34M 48s
 49300K .......... .......... .......... .......... .......... 67% 2.94M 48s
 49350K .......... .......... .......... .......... .......... 67% 2.83M 48s
 49400K .......... .......... .......... .......... .......... 67% 3.13M 47s
 49450K .......... .......... .......... .......... .......... 67% 3.20M 47s
 49500K .......... .......... .......... .......... .......... 68% 2.62M 47s
 49550K .......... .......... .......... .......... .......... 68% 3.10M 47s
 49600K .......... .......... .......... .......... .......... 68%  154K 47s
 49650K .......... .......... .......... .......... .......... 68% 1.63M 47s
 49700K .......... .......... .......... .......... .......... 68%  177K 47s
 49750K .......... .......... .......... .......... .......... 68% 57.4K 47s
 49800K .......... .......... .......... .......... .......... 68% 3.00M 47s
 49850K .......... .......... .......... .......... .......... 68% 2.48M 47s
 49900K .......... .......... .......... .......... .......... 68% 2.84M 47s
 49950K .......... .......... .......... .......... .......... 68% 2.71M 46s
 50000K .......... .......... .......... .......... .......... 68% 3.05M 46s
 50050K .......... .......... .......... .......... .......... 68% 2.99M 46s
 50100K .......... .......... .......... .......... .......... 68% 2.45M 46s
 50150K .......... .......... .......... .......... .......... 68% 2.83M 46s
 50200K .......... .......... .......... .......... .......... 69% 2.37M 46s
 50250K .......... .......... .......... .......... .......... 69% 3.38M 46s
 50300K .......... .......... .......... .......... .......... 69% 3.33M 46s
 50350K .......... .......... .......... .......... .......... 69% 2.99M 45s
 50400K .......... .......... .......... .......... .......... 69% 3.33M 45s
 50450K .......... .......... .......... .......... .......... 69% 2.87M 45s
 50500K .......... .......... .......... .......... .......... 69% 3.17M 45s
 50550K .......... .......... .......... .......... .......... 69% 3.42M 45s
 50600K .......... .......... .......... .......... .......... 69% 2.97M 45s
 50650K .......... .......... .......... .......... .......... 69% 3.52M 45s
 50700K .......... .......... .......... .......... .......... 69% 3.06M 44s
 50750K .......... .......... .......... .......... .......... 69% 3.52M 44s
 50800K .......... .......... .......... .......... .......... 69% 2.65M 44s
 50850K .......... .......... .......... .......... .......... 69% 2.75M 44s
 50900K .......... .......... .......... .......... .......... 69% 3.23M 44s
 50950K .......... .......... .......... .......... .......... 70% 3.02M 44s
 51000K .......... .......... .......... .......... .......... 70% 3.77M 44s
 51050K .......... .......... .......... .......... .......... 70% 2.78M 43s
 51100K .......... .......... .......... .......... .......... 70% 2.91M 43s
 51150K .......... .......... .......... .......... .......... 70% 3.26M 43s
 51200K .......... .......... .......... .......... .......... 70% 66.7K 43s
 51250K .......... .......... .......... .......... .......... 70% 2.97M 43s
 51300K .......... .......... .......... .......... .......... 70% 1.86M 43s
 51350K .......... .......... .......... .......... .......... 70% 2.60M 43s
 51400K .......... .......... .......... .......... .......... 70% 3.56M 43s
 51450K .......... .......... .......... .......... .......... 70% 2.23M 43s
 51500K .......... .......... .......... .......... .......... 70% 3.50M 43s
 51550K .......... .......... .......... .......... .......... 70% 2.42M 42s
 51600K .......... .......... .......... .......... .......... 70% 1.84M 42s
 51650K .......... .......... .......... .......... .......... 71% 2.99M 42s
 51700K .......... .......... .......... .......... .......... 71% 3.06M 42s
 51750K .......... .......... .......... .......... .......... 71% 2.80M 42s
 51800K .......... .......... .......... .......... .......... 71% 2.69M 42s
 51850K .......... .......... .......... .......... .......... 71% 2.77M 42s
 51900K .......... .......... .......... .......... .......... 71% 2.72M 41s
 51950K .......... .......... .......... .......... .......... 71% 2.74M 41s
 52000K .......... .......... .......... .......... .......... 71% 3.28M 41s
 52050K .......... .......... .......... .......... .......... 71% 2.77M 41s
 52100K .......... .......... .......... .......... .......... 71% 2.55M 41s
 52150K .......... .......... .......... .......... .......... 71% 2.51M 41s
 52200K .......... .......... .......... .......... .......... 71% 1.54M 41s
 52250K .......... .......... .......... .......... .......... 71%  444K 41s
 52300K .......... .......... .......... .......... .......... 71% 2.47M 40s
 52350K .......... .......... .......... .......... .......... 71% 1.57M 40s
 52400K .......... .......... .......... .......... .......... 72% 2.33M 40s
 52450K .......... .......... .......... .......... .......... 72% 1.82M 40s
 52500K .......... .......... .......... .......... .......... 72% 2.54M 40s
 52550K .......... .......... .......... .......... .......... 72% 2.85M 40s
 52600K .......... .......... .......... .......... .......... 72% 2.09M 40s
 52650K .......... .......... .......... .......... .......... 72% 2.31M 40s
 52700K .......... .......... .......... .......... .......... 72%  556K 39s
 52750K .......... .......... .......... .......... .......... 72% 1.14M 39s
 52800K .......... .......... .......... .......... .......... 72% 1.86M 39s
 52850K .......... .......... .......... .......... .......... 72% 1.15M 39s
 52900K .......... .......... .......... .......... .......... 72% 2.31M 39s
 52950K .......... .......... .......... .......... .......... 72% 1.71M 39s
 53000K .......... .......... .......... .......... .......... 72% 2.74M 39s
 53050K .......... .......... .......... .......... .......... 72% 2.39M 39s
 53100K .......... .......... .......... .......... .......... 72% 2.20M 38s
 53150K .......... .......... .......... .......... .......... 73% 2.43M 38s
 53200K .......... .......... .......... .......... .......... 73% 1.86M 38s
 53250K .......... .......... .......... .......... .......... 73%  190K 38s
 53300K .......... .......... .......... .......... .......... 73% 1.64M 38s
 53350K .......... .......... .......... .......... .......... 73% 2.12M 38s
 53400K .......... .......... .......... .......... .......... 73% 1.50M 38s
 53450K .......... .......... .......... .......... .......... 73% 1.76M 38s
 53500K .......... .......... .......... .......... .......... 73% 3.24M 38s
 53550K .......... .......... .......... .......... .......... 73% 3.22M 37s
 53600K .......... .......... .......... .......... .......... 73% 1.86M 37s
 53650K .......... .......... .......... .......... .......... 73% 2.90M 37s
 53700K .......... .......... .......... .......... .......... 73% 2.27M 37s
 53750K .......... .......... .......... .......... .......... 73% 2.37M 37s
 53800K .......... .......... .......... .......... .......... 73% 3.08M 37s
 53850K .......... .......... .......... .......... .......... 74%  166K 37s
 53900K .......... .......... .......... .......... .......... 74% 2.74M 37s
 53950K .......... .......... .......... .......... .......... 74%  865K 37s
 54000K .......... .......... .......... .......... .......... 74% 2.05M 36s
 54050K .......... .......... .......... .......... .......... 74% 3.12M 36s
 54100K .......... .......... .......... .......... .......... 74% 2.46M 36s
 54150K .......... .......... .......... .......... .......... 74% 2.92M 36s
 54200K .......... .......... .......... .......... .......... 74% 2.29M 36s
 54250K .......... .......... .......... .......... .......... 74% 2.94M 36s
 54300K .......... .......... .......... .......... .......... 74% 2.40M 36s
 54350K .......... .......... .......... .......... .......... 74% 2.58M 36s
 54400K .......... .......... .......... .......... .......... 74% 2.36M 35s
 54450K .......... .......... .......... .......... .......... 74%  448K 35s
 54500K .......... .......... .......... .......... .......... 74% 2.29M 35s
 54550K .......... .......... .......... .......... .......... 74% 2.48M 35s
 54600K .......... .......... .......... .......... .......... 75% 2.93M 35s
 54650K .......... .......... .......... .......... .......... 75% 3.13M 35s
 54700K .......... .......... .......... .......... .......... 75% 2.88M 35s
 54750K .......... .......... .......... .......... .......... 75% 2.96M 35s
 54800K .......... .......... .......... .......... .......... 75% 2.49M 35s
 54850K .......... .......... .......... .......... .......... 75% 2.36M 34s
 54900K .......... .......... .......... .......... .......... 75% 2.67M 34s
 54950K .......... .......... .......... .......... .......... 75% 2.16M 34s
 55000K .......... .......... .......... .......... .......... 75% 2.42M 34s
 55050K .......... .......... .......... .......... .......... 75% 2.67M 34s
 55100K .......... .......... .......... .......... .......... 75% 2.28M 34s
 55150K .......... .......... .......... .......... .......... 75% 2.86M 34s
 55200K .......... .......... .......... .......... .......... 75% 2.35M 34s
 55250K .......... .......... .......... .......... .......... 75%  745K 33s
 55300K .......... .......... .......... .......... .......... 76% 1.52M 33s
 55350K .......... .......... .......... .......... .......... 76% 2.43M 33s
 55400K .......... .......... .......... .......... .......... 76% 2.98M 33s
 55450K .......... .......... .......... .......... .......... 76%  749K 33s
 55500K .......... .......... .......... .......... .......... 76% 96.7K 33s
 55550K .......... .......... .......... .......... .......... 76% 3.08M 33s
 55600K .......... .......... .......... .......... .......... 76% 2.61M 33s
 55650K .......... .......... .......... .......... .......... 76% 2.95M 33s
 55700K .......... .......... .......... .......... .......... 76% 2.91M 33s
 55750K .......... .......... .......... .......... .......... 76% 3.22M 32s
 55800K .......... .......... .......... .......... .......... 76% 2.49M 32s
 55850K .......... .......... .......... .......... .......... 76% 2.49M 32s
 55900K .......... .......... .......... .......... .......... 76% 3.20M 32s
 55950K .......... .......... .......... .......... .......... 76% 2.97M 32s
 56000K .......... .......... .......... .......... .......... 76% 3.11M 32s
 56050K .......... .......... .......... .......... .......... 77% 3.30M 32s
 56100K .......... .......... .......... .......... .......... 77% 2.96M 32s
 56150K .......... .......... .......... .......... .......... 77%  100K 32s
 56200K .......... .......... .......... .......... .......... 77% 2.35M 31s
 56250K .......... .......... .......... .......... .......... 77% 3.31M 31s
 56300K .......... .......... .......... .......... .......... 77% 2.54M 31s
 56350K .......... .......... .......... .......... .......... 77% 2.61M 31s
 56400K .......... .......... .......... .......... .......... 77% 2.53M 31s
 56450K .......... .......... .......... .......... .......... 77% 2.78M 31s
 56500K .......... .......... .......... .......... .......... 77% 3.26M 31s
 56550K .......... .......... .......... .......... .......... 77% 2.88M 31s
 56600K .......... .......... .......... .......... .......... 77% 2.74M 31s
 56650K .......... .......... .......... .......... .......... 77% 3.74M 30s
 56700K .......... .......... .......... .......... .......... 77% 2.99M 30s
 56750K .......... .......... .......... .......... .......... 78% 3.33M 30s
 56800K .......... .......... .......... .......... .......... 78%  168K 30s
 56850K .......... .......... .......... .......... .......... 78%  296K 30s
 56900K .......... .......... .......... .......... .......... 78% 79.4K 30s
 56950K .......... .......... .......... .......... .......... 78%  724K 30s
 57000K .......... .......... .......... .......... .......... 78% 1.52M 30s
 57050K .......... .......... .......... .......... .......... 78% 2.26M 30s
 57100K .......... .......... .......... .......... .......... 78% 1.82M 30s
 57150K .......... .......... .......... .......... .......... 78% 2.39M 30s
 57200K .......... .......... .......... .......... .......... 78% 2.09M 29s
 57250K .......... .......... .......... .......... .......... 78% 1.32M 29s
 57300K .......... .......... .......... .......... .......... 78% 1.83M 29s
 57350K .......... .......... .......... .......... .......... 78% 1.42M 29s
 57400K .......... .......... .......... .......... .......... 78% 1.71M 29s
 57450K .......... .......... .......... .......... .......... 78% 1.28M 29s
 57500K .......... .......... .......... .......... .......... 79% 2.35M 29s
 57550K .......... .......... .......... .......... .......... 79% 2.64M 29s
 57600K .......... .......... .......... .......... .......... 79% 2.51M 29s
 57650K .......... .......... .......... .......... .......... 79% 2.85M 28s
 57700K .......... .......... .......... .......... .......... 79% 2.60M 28s
 57750K .......... .......... .......... .......... .......... 79% 2.86M 28s
 57800K .......... .......... .......... .......... .......... 79% 2.81M 28s
 57850K .......... .......... .......... .......... .......... 79% 2.73M 28s
 57900K .......... .......... .......... .......... .......... 79% 2.76M 28s
 57950K .......... .......... .......... .......... .......... 79% 2.15M 28s
 58000K .......... .......... .......... .......... .......... 79% 2.38M 28s
 58050K .......... .......... .......... .......... .......... 79% 2.86M 28s
 58100K .......... .......... .......... .......... .......... 79% 2.56M 27s
 58150K .......... .......... .......... .......... .......... 79% 3.09M 27s
 58200K .......... .......... .......... .......... .......... 79% 2.30M 27s
 58250K .......... .......... .......... .......... .......... 80% 2.78M 27s
 58300K .......... .......... .......... .......... .......... 80% 2.61M 27s
 58350K .......... .......... .......... .......... .......... 80% 2.34M 27s
 58400K .......... .......... .......... .......... .......... 80% 2.55M 27s
 58450K .......... .......... .......... .......... .......... 80% 2.49M 27s
 58500K .......... .......... .......... .......... .......... 80%  743K 27s
 58550K .......... .......... .......... .......... .......... 80% 1.31M 26s
 58600K .......... .......... .......... .......... .......... 80% 1.88M 26s
 58650K .......... .......... .......... .......... .......... 80% 2.33M 26s
 58700K .......... .......... .......... .......... .......... 80% 1.87M 26s
 58750K .......... .......... .......... .......... .......... 80%  485K 26s
 58800K .......... .......... .......... .......... .......... 80% 2.21M 26s
 58850K .......... .......... .......... .......... .......... 80%  873K 26s
 58900K .......... .......... .......... .......... .......... 80% 2.42M 26s
 58950K .......... .......... .......... .......... .......... 81% 2.56M 26s
 59000K .......... .......... .......... .......... .......... 81% 1.54M 25s
 59050K .......... .......... .......... .......... .......... 81%  636K 25s
 59100K .......... .......... .......... .......... .......... 81% 1021K 25s
 59150K .......... .......... .......... .......... .......... 81% 2.55M 25s
 59200K .......... .......... .......... .......... .......... 81%  462K 25s
 59250K .......... .......... .......... .......... .......... 81%  694K 25s
 59300K .......... .......... .......... .......... .......... 81% 2.72M 25s
 59350K .......... .......... .......... .......... .......... 81% 1.24M 25s
 59400K .......... .......... .......... .......... .......... 81% 2.10M 25s
 59450K .......... .......... .......... .......... .......... 81% 2.57M 25s
 59500K .......... .......... .......... .......... .......... 81% 3.05M 24s
 59550K .......... .......... .......... .......... .......... 81% 3.03M 24s
 59600K .......... .......... .......... .......... .......... 81% 2.61M 24s
 59650K .......... .......... .......... .......... .......... 81% 2.31M 24s
 59700K .......... .......... .......... .......... .......... 82%  446K 24s
 59750K .......... .......... .......... .......... .......... 82% 2.33M 24s
 59800K .......... .......... .......... .......... .......... 82% 1.85M 24s
 59850K .......... .......... .......... .......... .......... 82%  882K 24s
 59900K .......... .......... .......... .......... .......... 82% 1.10M 24s
 59950K .......... .......... .......... .......... .......... 82% 2.09M 24s
 60000K .......... .......... .......... .......... .......... 82% 2.73M 23s
 60050K .......... .......... .......... .......... .......... 82% 2.90M 23s
 60100K .......... .......... .......... .......... .......... 82% 2.80M 23s
 60150K .......... .......... .......... .......... .......... 82% 2.54M 23s
 60200K .......... .......... .......... .......... .......... 82% 2.78M 23s
 60250K .......... .......... .......... .......... .......... 82%  393K 23s
 60300K .......... .......... .......... .......... .......... 82% 2.79M 23s
 60350K .......... .......... .......... .......... .......... 82% 2.55M 23s
 60400K .......... .......... .......... .......... .......... 83% 1.19M 23s
 60450K .......... .......... .......... .......... .......... 83% 2.63M 22s
 60500K .......... .......... .......... .......... .......... 83% 3.02M 22s
 60550K .......... .......... .......... .......... .......... 83% 1.04M 22s
 60600K .......... .......... .......... .......... .......... 83% 2.74M 22s
 60650K .......... .......... .......... .......... .......... 83% 1.34M 22s
 60700K .......... .......... .......... .......... .......... 83% 1.94M 22s
 60750K .......... .......... .......... .......... .......... 83% 2.41M 22s
 60800K .......... .......... .......... .......... .......... 83%  106K 22s
 60850K .......... .......... .......... .......... .......... 83% 1.82M 22s
 60900K .......... .......... .......... .......... .......... 83% 1.65M 22s
 60950K .......... .......... .......... .......... .......... 83% 1.32M 22s
 61000K .......... .......... .......... .......... .......... 83% 2.43M 21s
 61050K .......... .......... .......... .......... .......... 83% 1.72M 21s
 61100K .......... .......... .......... .......... .......... 83% 1.76M 21s
 61150K .......... .......... .......... .......... .......... 84%  633K 21s
 61200K .......... .......... .......... .......... .......... 84% 1.45M 21s
 61250K .......... .......... .......... .......... .......... 84% 2.21M 21s
 61300K .......... .......... .......... .......... .......... 84% 55.1K 21s
 61350K .......... .......... .......... .......... .......... 84%  836K 21s
 61400K .......... .......... .......... .......... .......... 84% 3.36M 21s
 61450K .......... .......... .......... .......... .......... 84%  603K 21s
 61500K .......... .......... .......... .......... .......... 84% 2.38M 21s
 61550K .......... .......... .......... .......... .......... 84% 2.44M 20s
 61600K .......... .......... .......... .......... .......... 84% 3.03M 20s
 61650K .......... .......... .......... .......... .......... 84%  309K 20s
 61700K .......... .......... .......... .......... .......... 84%  694K 20s
 61750K .......... .......... .......... .......... .......... 84%  924K 20s
 61800K .......... .......... .......... .......... .......... 84% 1.40M 20s
 61850K .......... .......... .......... .......... .......... 85% 69.0K 20s
 61900K .......... .......... .......... .......... .......... 85%  773K 20s
 61950K .......... .......... .......... .......... .......... 85%  203K 20s
 62000K .......... .......... .......... .......... .......... 85% 1.36M 20s
 62050K .......... .......... .......... .......... .......... 85%  485K 20s
 62100K .......... .......... .......... .......... .......... 85%  512K 20s
 62150K .......... .......... .......... .......... .......... 85% 1.30M 19s
 62200K .......... .......... .......... .......... .......... 85%  338K 19s
 62250K .......... .......... .......... .......... .......... 85%  356K 19s
 62300K .......... .......... .......... .......... .......... 85%  444K 19s
 62350K .......... .......... .......... .......... .......... 85%  441K 19s
 62400K .......... .......... .......... .......... .......... 85%  133K 19s
 62450K .......... .......... .......... .......... .......... 85%  825K 19s
 62500K .......... .......... .......... .......... .......... 85% 3.19M 19s
 62550K .......... .......... .......... .......... .......... 85% 2.95M 19s
 62600K .......... .......... .......... .......... .......... 86% 2.75M 19s
 62650K .......... .......... .......... .......... .......... 86% 3.25M 19s
 62700K .......... .......... .......... .......... .......... 86% 3.02M 18s
 62750K .......... .......... .......... .......... .......... 86%  926K 18s
 62800K .......... .......... .......... .......... .......... 86% 1.15M 18s
 62850K .......... .......... .......... .......... .......... 86% 1.16M 18s
 62900K .......... .......... .......... .......... .......... 86%  460K 18s
 62950K .......... .......... .......... .......... .......... 86%  203K 18s
 63000K .......... .......... .......... .......... .......... 86% 3.01M 18s
 63050K .......... .......... .......... .......... .......... 86% 1.78M 18s
 63100K .......... .......... .......... .......... .......... 86% 2.94M 18s
 63150K .......... .......... .......... .......... .......... 86% 3.15M 18s
 63200K .......... .......... .......... .......... .......... 86% 1.92M 18s
 63250K .......... .......... .......... .......... .......... 86% 3.46M 17s
 63300K .......... .......... .......... .......... .......... 87% 2.95M 17s
 63350K .......... .......... .......... .......... .......... 87% 2.54M 17s
 63400K .......... .......... .......... .......... .......... 87% 3.19M 17s
 63450K .......... .......... .......... .......... .......... 87% 1.22M 17s
 63500K .......... .......... .......... .......... .......... 87%  742K 17s
 63550K .......... .......... .......... .......... .......... 87% 80.5K 17s
 63600K .......... .......... .......... .......... .......... 87%  722K 17s
 63650K .......... .......... .......... .......... .......... 87% 2.94M 17s
 63700K .......... .......... .......... .......... .......... 87% 2.81M 17s
 63750K .......... .......... .......... .......... .......... 87%  444K 17s
 63800K .......... .......... .......... .......... .......... 87% 83.5K 16s
 63850K .......... .......... .......... .......... .......... 87%  523K 16s
 63900K .......... .......... .......... .......... .......... 87%  592K 16s
 63950K .......... .......... .......... .......... .......... 87%  182K 16s
 64000K .......... .......... .......... .......... .......... 87%  251K 16s
 64050K .......... .......... .......... .......... .......... 88%  323K 16s
 64100K .......... .......... .......... .......... .......... 88% 60.4K 16s
 64150K .......... .......... .......... .......... .......... 88%  656K 16s
 64200K .......... .......... .......... .......... .......... 88%  623K 16s
 64250K .......... .......... .......... .......... .......... 88% 1.23M 16s
 64300K .......... .......... .......... .......... .......... 88% 2.78M 16s
 64350K .......... .......... .......... .......... .......... 88% 1.74M 16s
 64400K .......... .......... .......... .......... .......... 88%  163K 16s
 64450K .......... .......... .......... .......... .......... 88%  130K 15s
 64500K .......... .......... .......... .......... .......... 88%  115K 15s
 64550K .......... .......... .......... .......... .......... 88% 46.6K 15s
 64600K .......... .......... .......... .......... .......... 88%  195K 15s
 64650K .......... .......... .......... .......... .......... 88% 1.31M 15s
 64700K .......... .......... .......... .......... .......... 88% 1.33M 15s
 64750K .......... .......... .......... .......... .......... 88%  798K 15s
 64800K .......... .......... .......... .......... .......... 89% 2.17M 15s
 64850K .......... .......... .......... .......... .......... 89% 1.09M 15s
 64900K .......... .......... .......... .......... .......... 89% 2.64M 15s
 64950K .......... .......... .......... .......... .......... 89% 1.12M 15s
 65000K .......... .......... .......... .......... .......... 89% 2.01M 15s
 65050K .......... .......... .......... .......... .......... 89% 83.3K 15s
 65100K .......... .......... .......... .......... .......... 89% 3.09M 14s
 65150K .......... .......... .......... .......... .......... 89% 3.83M 14s
 65200K .......... .......... .......... .......... .......... 89%  332K 14s
 65250K .......... .......... .......... .......... .......... 89%  138K 14s
 65300K .......... .......... .......... .......... .......... 89% 1.10M 14s
 65350K .......... .......... .......... .......... .......... 89% 2.57M 14s
 65400K .......... .......... .......... .......... .......... 89% 2.81M 14s
 65450K .......... .......... .......... .......... .......... 89% 2.46M 14s
 65500K .......... .......... .......... .......... .......... 90% 3.01M 14s
 65550K .......... .......... .......... .......... .......... 90% 3.08M 14s
 65600K .......... .......... .......... .......... .......... 90% 2.87M 13s
 65650K .......... .......... .......... .......... .......... 90% 3.08M 13s
 65700K .......... .......... .......... .......... .......... 90% 2.71M 13s
 65750K .......... .......... .......... .......... .......... 90% 3.43M 13s
 65800K .......... .......... .......... .......... .......... 90% 3.22M 13s
 65850K .......... .......... .......... .......... .......... 90%  109K 13s
 65900K .......... .......... .......... .......... .......... 90% 3.17M 13s
 65950K .......... .......... .......... .......... .......... 90% 1.96M 13s
 66000K .......... .......... .......... .......... .......... 90% 2.34M 13s
 66050K .......... .......... .......... .......... .......... 90%  290K 13s
 66100K .......... .......... .......... .......... .......... 90% 1.61M 13s
 66150K .......... .......... .......... .......... .......... 90%  205K 12s
 66200K .......... .......... .......... .......... .......... 90%  585K 12s
 66250K .......... .......... .......... .......... .......... 91% 2.73M 12s
 66300K .......... .......... .......... .......... .......... 91% 3.17M 12s
 66350K .......... .......... .......... .......... .......... 91% 1.72M 12s
 66400K .......... .......... .......... .......... .......... 91% 1.32M 12s
 66450K .......... .......... .......... .......... .......... 91% 2.24M 12s
 66500K .......... .......... .......... .......... .......... 91% 3.05M 12s
 66550K .......... .......... .......... .......... .......... 91% 2.90M 12s
 66600K .......... .......... .......... .......... .......... 91% 2.40M 12s
 66650K .......... .......... .......... .......... .......... 91%  473K 11s
 66700K .......... .......... .......... .......... .......... 91% 2.62M 11s
 66750K .......... .......... .......... .......... .......... 91% 3.26M 11s
 66800K .......... .......... .......... .......... .......... 91% 3.53M 11s
 66850K .......... .......... .......... .......... .......... 91%  779K 11s
 66900K .......... .......... .......... .......... .......... 91% 66.2K 11s
 66950K .......... .......... .......... .......... .......... 92% 2.70M 11s
 67000K .......... .......... .......... .......... .......... 92% 2.89M 11s
 67050K .......... .......... .......... .......... .......... 92% 2.90M 11s
 67100K .......... .......... .......... .......... .......... 92%  756K 11s
 67150K .......... .......... .......... .......... .......... 92% 2.79M 11s
 67200K .......... .......... .......... .......... .......... 92%  598K 10s
 67250K .......... .......... .......... .......... .......... 92% 2.90M 10s
 67300K .......... .......... .......... .......... .......... 92% 1.82M 10s
 67350K .......... .......... .......... .......... .......... 92% 2.09M 10s
 67400K .......... .......... .......... .......... .......... 92% 2.70M 10s
 67450K .......... .......... .......... .......... .......... 92% 2.37M 10s
 67500K .......... .......... .......... .......... .......... 92% 12.9K 10s
 67550K .......... .......... .......... .......... .......... 92%  171K 10s
 67600K .......... .......... .......... .......... .......... 92%  199K 10s
 67650K .......... .......... .......... .......... .......... 92% 1.97M 10s
 67700K .......... .......... .......... .......... .......... 93% 1.40M 10s
 67750K .......... .......... .......... .......... .......... 93% 2.60M 10s
 67800K .......... .......... .......... .......... .......... 93% 2.59M 10s
 67850K .......... .......... .......... .......... .......... 93% 2.37M 9s
 67900K .......... .......... .......... .......... .......... 93% 2.63M 9s
 67950K .......... .......... .......... .......... .......... 93% 1.94M 9s
 68000K .......... .......... .......... .......... .......... 93% 2.29M 9s
 68050K .......... .......... .......... .......... .......... 93% 2.31M 9s
 68100K .......... .......... .......... .......... .......... 93% 2.17M 9s
 68150K .......... .......... .......... .......... .......... 93% 2.40M 9s
 68200K .......... .......... .......... .......... .......... 93% 2.01M 9s
 68250K .......... .......... .......... .......... .......... 93% 2.13M 9s
 68300K .......... .......... .......... .......... .......... 93% 2.43M 9s
 68350K .......... .......... .......... .......... .......... 93% 1.92M 8s
 68400K .......... .......... .......... .......... .......... 94% 2.45M 8s
 68450K .......... .......... .......... .......... .......... 94% 2.10M 8s
 68500K .......... .......... .......... .......... .......... 94% 2.43M 8s
 68550K .......... .......... .......... .......... .......... 94% 2.43M 8s
 68600K .......... .......... .......... .......... .......... 94% 98.4K 8s
 68650K .......... .......... .......... .......... .......... 94% 2.04M 8s
 68700K .......... .......... .......... .......... .......... 94% 56.2K 8s
 68750K .......... .......... .......... .......... .......... 94% 95.9K 8s
 68800K .......... .......... .......... .......... .......... 94%  129K 8s
 68850K .......... .......... .......... .......... .......... 94% 79.7K 8s
 68900K .......... .......... .......... .......... .......... 94% 43.7K 8s
 68950K .......... .......... .......... .......... .......... 94% 59.8K 7s
 69000K .......... .......... .......... .......... .......... 94% 2.57M 7s
 69050K .......... .......... .......... .......... .......... 94% 2.29M 7s
 69100K .......... .......... .......... .......... .......... 94% 2.60M 7s
 69150K .......... .......... .......... .......... .......... 95% 2.68M 7s
 69200K .......... .......... .......... .......... .......... 95% 2.39M 7s
 69250K .......... .......... .......... .......... .......... 95% 2.76M 7s
 69300K .......... .......... .......... .......... .......... 95% 1.50M 7s
 69350K .......... .......... .......... .......... .......... 95% 2.29M 7s
 69400K .......... .......... .......... .......... .......... 95% 2.58M 7s
 69450K .......... .......... .......... .......... .......... 95% 2.39M 6s
 69500K .......... .......... .......... .......... .......... 95% 2.38M 6s
 69550K .......... .......... .......... .......... .......... 95% 2.59M 6s
 69600K .......... .......... .......... .......... .......... 95% 2.34M 6s
 69650K .......... .......... .......... .......... .......... 95% 2.50M 6s
 69700K .......... .......... .......... .......... .......... 95% 2.31M 6s
 69750K .......... .......... .......... .......... .......... 95% 2.80M 6s
 69800K .......... .......... .......... .......... .......... 95%  101K 6s
 69850K .......... .......... .......... .......... .......... 95% 2.16M 6s
 69900K .......... .......... .......... .......... .......... 96% 2.59M 6s
 69950K .......... .......... .......... .......... .......... 96% 1.85M 5s
 70000K .......... .......... .......... .......... .......... 96%  586K 5s
 70050K .......... .......... .......... .......... .......... 96% 2.47M 5s
 70100K .......... .......... .......... .......... .......... 96% 2.17M 5s
 70150K .......... .......... .......... .......... .......... 96% 2.36M 5s
 70200K .......... .......... .......... .......... .......... 96% 2.03M 5s
 70250K .......... .......... .......... .......... .......... 96% 2.23M 5s
 70300K .......... .......... .......... .......... .......... 96% 2.62M 5s
 70350K .......... .......... .......... .......... .......... 96% 2.32M 5s
 70400K .......... .......... .......... .......... .......... 96% 2.59M 5s
 70450K .......... .......... .......... .......... .......... 96% 2.10M 4s
 70500K .......... .......... .......... .......... .......... 96% 1.82M 4s
 70550K .......... .......... .......... .......... .......... 96% 1.85M 4s
 70600K .......... .......... .......... .......... .......... 97% 2.29M 4s
 70650K .......... .......... .......... .......... .......... 97% 2.49M 4s
 70700K .......... .......... .......... .......... .......... 97%  106K 4s
 70750K .......... .......... .......... .......... .......... 97%  781K 4s
 70800K .......... .......... .......... .......... .......... 97% 2.21M 4s
 70850K .......... .......... .......... .......... .......... 97% 2.00M 4s
 70900K .......... .......... .......... .......... .......... 97% 2.20M 4s
 70950K .......... .......... .......... .......... .......... 97% 2.15M 4s
 71000K .......... .......... .......... .......... .......... 97% 2.56M 3s
 71050K .......... .......... .......... .......... .......... 97% 2.65M 3s
 71100K .......... .......... .......... .......... .......... 97% 2.46M 3s
 71150K .......... .......... .......... .......... .......... 97% 2.64M 3s
 71200K .......... .......... .......... .......... .......... 97% 2.26M 3s
 71250K .......... .......... .......... .......... .......... 97% 2.51M 3s
 71300K .......... .......... .......... .......... .......... 97% 2.73M 3s
 71350K .......... .......... .......... .......... .......... 98% 2.29M 3s
 71400K .......... .......... .......... .......... .......... 98% 2.45M 3s
 71450K .......... .......... .......... .......... .......... 98% 2.29M 3s
 71500K .......... .......... .......... .......... .......... 98% 2.54M 2s
 71550K .......... .......... .......... .......... .......... 98% 2.54M 2s
 71600K .......... .......... .......... .......... .......... 98%  204K 2s
 71650K .......... .......... .......... .......... .......... 98% 2.15M 2s
 71700K .......... .......... .......... .......... .......... 98% 2.21M 2s
 71750K .......... .......... .......... .......... .......... 98% 2.57M 2s
 71800K .......... .......... .......... .......... .......... 98% 2.61M 2s
 71850K .......... .......... .......... .......... .......... 98% 1.69M 2s
 71900K .......... .......... .......... .......... .......... 98% 2.59M 2s
 71950K .......... .......... .......... .......... .......... 98% 2.31M 2s
 72000K .......... .......... .......... .......... .......... 98% 2.39M 1s
 72050K .......... .......... .......... .......... .......... 99% 2.52M 1s
 72100K .......... .......... .......... .......... .......... 99% 2.40M 1s
 72150K .......... .......... .......... .......... .......... 99% 2.48M 1s
 72200K .......... .......... .......... .......... .......... 99% 2.15M 1s
 72250K .......... .......... .......... .......... .......... 99% 2.54M 1s
 72300K .......... .......... .......... .......... .......... 99% 2.69M 1s
 72350K .......... .......... .......... .......... .......... 99% 2.23M 1s
 72400K .......... .......... .......... .......... .......... 99% 2.68M 1s
 72450K .......... .......... .......... .......... .......... 99% 1.96M 1s
 72500K .......... .......... .......... .......... .......... 99% 2.56M 1s
 72550K .......... .......... .......... .......... .......... 99% 1.25M 0s
 72600K .......... .......... .......... .......... .......... 99%  161K 0s
 72650K .......... .......... .......... .......... .......... 99% 2.35M 0s
 72700K .......... .......... .......... .......... .......... 99% 2.01M 0s
 72750K .......... .......... .......... .......... .......... 99% 1.89M 0s
 72800K .......... ...                                        100% 1.84M=2m19s

2026-05-23 13:02:27 (524 KB/s) - ‘resources/taxonomy/taxdump/taxdump.tar.gz’ saved [74560673/74560673]

citations.dmp
delnodes.dmp
division.dmp
gencode.dmp
images.dmp
merged.dmp
names.dmp
nodes.dmp
gc.prt
readme.txt
