Downloading DB...
--2026-05-23 13:00:07--  https://ftp.ncbi.nlm.nih.gov/blast/db/mito.tar.gz
Resolving ftp.ncbi.nlm.nih.gov (ftp.ncbi.nlm.nih.gov)... 130.14.250.7, 130.14.250.31, 2607:f220:41e:250::13, ...
Connecting to ftp.ncbi.nlm.nih.gov (ftp.ncbi.nlm.nih.gov)|130.14.250.7|:443... connected.
HTTP request sent, awaiting response... 200 OK
Length: 202736742 (193M) [application/x-gzip]
Saving to: ‘resources/blast_db/mito/mito.tar.gz’

     0K .......... .......... .......... .......... ..........  0% 66.0K 49m57s
    50K .......... .......... .......... .......... ..........  0%  169K 34m44s
   100K .......... .......... .......... .......... ..........  0% 1.69M 23m47s
   150K .......... .......... .......... .......... ..........  0% 1.51M 18m22s
   200K .......... .......... .......... .......... ..........  0%  126K 19m55s
   250K .......... .......... .......... .......... ..........  0%  563K 17m34s
   300K .......... .......... .......... .......... ..........  0% 1.25M 15m25s
   350K .......... .......... .......... .......... ..........  0% 1.93M 13m42s
   400K .......... .......... .......... .......... ..........  0%  202K 13m59s
   450K .......... .......... .......... .......... ..........  0% 1.29M 12m50s
   500K .......... .......... .......... .......... ..........  0% 2.02M 11m48s
   550K .......... .......... .......... .......... ..........  0% 2.04M 10m57s
   600K .......... .......... .......... .......... ..........  0% 1.94M 10m14s
   650K .......... .......... .......... .......... ..........  0%  680K 9m51s
   700K .......... .......... .......... .......... ..........  0% 1.53M 9m20s
   750K .......... .......... .......... .......... ..........  0% 1.31M 8m54s
   800K .......... .......... .......... .......... ..........  0%  844K 8m36s
   850K .......... .......... .......... .......... ..........  0% 2.00M 8m12s
   900K .......... .......... .......... .......... ..........  0% 3.48M 7m49s
   950K .......... .......... .......... .......... ..........  0%  195K 8m16s
  1000K .......... .......... .......... .......... ..........  0% 2.04M 7m57s
  1050K .......... .......... .......... .......... ..........  0% 2.11M 7m39s
  1100K .......... .......... .......... .......... ..........  0% 2.92M 7m22s
  1150K .......... .......... .......... .......... ..........  0% 3.49M 7m6s
  1200K .......... .......... .......... .......... ..........  0% 2.17M 6m52s
  1250K .......... .......... .......... .......... ..........  0% 2.64M 6m39s
  1300K .......... .......... .......... .......... ..........  0% 3.09M 6m26s
  1350K .......... .......... .......... .......... ..........  0%  363K 6m32s
  1400K .......... .......... .......... .......... ..........  0% 4.25M 6m20s
  1450K .......... .......... .......... .......... ..........  0% 3.43M 6m9s
  1500K .......... .......... .......... .......... ..........  0% 3.13M 5m59s
  1550K .......... .......... .......... .......... ..........  0% 3.23M 5m49s
  1600K .......... .......... .......... .......... ..........  0% 2.64M 5m41s
  1650K .......... .......... .......... .......... ..........  0% 2.21M 5m33s
  1700K .......... .......... .......... .......... ..........  0% 1.93M 5m27s
  1750K .......... .......... .......... .......... ..........  0% 2.24M 5m20s
  1800K .......... .......... .......... .......... ..........  0%  631K 5m20s
  1850K .......... .......... .......... .......... ..........  0% 1.15M 5m15s
  1900K .......... .......... .......... .......... ..........  0% 1.10M 5m12s
  1950K .......... .......... .......... .......... ..........  1% 2.05M 5m6s
  2000K .......... .......... .......... .......... ..........  1% 3.97M 5m0s
  2050K .......... .......... .......... .......... ..........  1% 4.47M 4m54s
  2100K .......... .......... .......... .......... ..........  1% 3.69M 4m48s
  2150K .......... .......... .......... .......... ..........  1% 4.42M 4m42s
  2200K .......... .......... .......... .......... ..........  1% 3.59M 4m37s
  2250K .......... .......... .......... .......... ..........  1%  622K 4m38s
  2300K .......... .......... .......... .......... ..........  1% 4.27M 4m33s
  2350K .......... .......... .......... .......... ..........  1%  133K 4m58s
  2400K .......... .......... .......... .......... ..........  1% 2.22M 4m53s
  2450K .......... .......... .......... .......... ..........  1% 1.82M 4m49s
  2500K .......... .......... .......... .......... ..........  1% 2.26M 4m45s
  2550K .......... .......... .......... .......... ..........  1% 2.05M 4m42s
  2600K .......... .......... .......... .......... ..........  1% 2.10M 4m38s
  2650K .......... .......... .......... .......... ..........  1% 2.22M 4m34s
  2700K .......... .......... .......... .......... ..........  1% 1.90M 4m31s
  2750K .......... .......... .......... .......... ..........  1% 1.84M 4m28s
  2800K .......... .......... .......... .......... ..........  1%  422K 4m31s
  2850K .......... .......... .......... .......... ..........  1% 1.60M 4m29s
  2900K .......... .......... .......... .......... ..........  1%  889K 4m28s
  2950K .......... .......... .......... .......... ..........  1% 3.04M 4m24s
  3000K .......... .......... .......... .......... ..........  1% 3.47M 4m21s
  3050K .......... .......... .......... .......... ..........  1%  459K 4m23s
  3100K .......... .......... .......... .......... ..........  1% 1.05M 4m22s
  3150K .......... .......... .......... .......... ..........  1% 1.41M 4m20s
  3200K .......... .......... .......... .......... ..........  1%  439K 4m23s
  3250K .......... .......... .......... .......... ..........  1%  527K 4m24s
  3300K .......... .......... .......... .......... ..........  1% 2.96M 4m21s
  3350K .......... .......... .......... .......... ..........  1% 2.37M 4m18s
  3400K .......... .......... .......... .......... ..........  1% 3.65M 4m15s
  3450K .......... .......... .......... .......... ..........  1% 2.96M 4m13s
  3500K .......... .......... .......... .......... ..........  1% 3.45M 4m10s
  3550K .......... .......... .......... .......... ..........  1% 3.47M 4m7s
  3600K .......... .......... .......... .......... ..........  1%  331K 4m12s
  3650K .......... .......... .......... .......... ..........  1%  788K 4m11s
  3700K .......... .......... .......... .......... ..........  1% 2.71M 4m9s
  3750K .......... .......... .......... .......... ..........  1% 3.23M 4m6s
  3800K .......... .......... .......... .......... ..........  1% 3.74M 4m4s
  3850K .......... .......... .......... .......... ..........  1% 2.58M 4m2s
  3900K .......... .......... .......... .......... ..........  1%  863K 4m1s
  3950K .......... .......... .......... .......... ..........  2%  348K 4m5s
  4000K .......... .......... .......... .......... ..........  2% 2.15M 4m3s
  4050K .......... .......... .......... .......... ..........  2%  488K 4m5s
  4100K .......... .......... .......... .......... ..........  2%  908K 4m5s
  4150K .......... .......... .......... .......... ..........  2%  564K 4m6s
  4200K .......... .......... .......... .......... ..........  2% 2.24M 4m4s
  4250K .......... .......... .......... .......... ..........  2% 3.45M 4m1s
  4300K .......... .......... .......... .......... ..........  2% 3.32M 3m59s
  4350K .......... .......... .......... .......... ..........  2% 2.60M 3m57s
  4400K .......... .......... .......... .......... ..........  2% 4.78M 3m55s
  4450K .......... .......... .......... .......... ..........  2% 2.92M 3m53s
  4500K .......... .......... .......... .......... ..........  2% 3.96M 3m51s
  4550K .......... .......... .......... .......... ..........  2%  361K 3m54s
  4600K .......... .......... .......... .......... ..........  2% 1.71M 3m53s
  4650K .......... .......... .......... .......... ..........  2% 1.66M 3m52s
  4700K .......... .......... .......... .......... ..........  2% 1.75M 3m50s
  4750K .......... .......... .......... .......... ..........  2% 1.80M 3m49s
  4800K .......... .......... .......... .......... ..........  2% 2.03M 3m47s
  4850K .......... .......... .......... .......... ..........  2% 1.71M 3m46s
  4900K .......... .......... .......... .......... ..........  2% 2.14M 3m45s
  4950K .......... .......... .......... .......... ..........  2% 2.37M 3m43s
  5000K .......... .......... .......... .......... ..........  2%  445K 3m45s
  5050K .......... .......... .......... .......... ..........  2%  338K 3m48s
  5100K .......... .......... .......... .......... ..........  2%  930K 3m48s
  5150K .......... .......... .......... .......... ..........  2% 1.90M 3m47s
  5200K .......... .......... .......... .......... ..........  2%  812K 3m47s
  5250K .......... .......... .......... .......... ..........  2%  900K 3m47s
  5300K .......... .......... .......... .......... ..........  2% 2.01M 3m45s
  5350K .......... .......... .......... .......... ..........  2% 1.75M 3m44s
  5400K .......... .......... .......... .......... ..........  2%  822K 3m44s
  5450K .......... .......... .......... .......... ..........  2% 1.91M 3m43s
  5500K .......... .......... .......... .......... ..........  2%  878K 3m43s
  5550K .......... .......... .......... .......... ..........  2% 4.43M 3m41s
  5600K .......... .......... .......... .......... ..........  2% 1.31M 3m41s
  5650K .......... .......... .......... .......... ..........  2%  668K 3m41s
  5700K .......... .......... .......... .......... ..........  2% 2.37M 3m40s
  5750K .......... .......... .......... .......... ..........  2%  579K 3m41s
  5800K .......... .......... .......... .......... ..........  2% 2.16M 3m40s
  5850K .......... .......... .......... .......... ..........  2% 1.13M 3m39s
  5900K .......... .......... .......... .......... ..........  3% 3.21M 3m38s
  5950K .......... .......... .......... .......... ..........  3% 2.15M 3m37s
  6000K .......... .......... .......... .......... ..........  3% 2.84M 3m35s
  6050K .......... .......... .......... .......... ..........  3% 3.33M 3m34s
  6100K .......... .......... .......... .......... ..........  3% 1.43M 3m33s
  6150K .......... .......... .......... .......... ..........  3% 1.80M 3m32s
  6200K .......... .......... .......... .......... ..........  3% 3.51M 3m31s
  6250K .......... .......... .......... .......... ..........  3%  835K 3m31s
  6300K .......... .......... .......... .......... ..........  3% 3.02M 3m30s
  6350K .......... .......... .......... .......... ..........  3% 3.17M 3m29s
  6400K .......... .......... .......... .......... ..........  3%  497K 3m30s
  6450K .......... .......... .......... .......... ..........  3%  336K 3m33s
  6500K .......... .......... .......... .......... ..........  3% 1.48M 3m32s
  6550K .......... .......... .......... .......... ..........  3% 2.25M 3m31s
  6600K .......... .......... .......... .......... ..........  3% 2.38M 3m30s
  6650K .......... .......... .......... .......... ..........  3%  485K 3m31s
  6700K .......... .......... .......... .......... ..........  3% 1.62M 3m30s
  6750K .......... .......... .......... .......... ..........  3%  660K 3m31s
  6800K .......... .......... .......... .......... ..........  3% 1.27M 3m30s
  6850K .......... .......... .......... .......... ..........  3% 1.20M 3m30s
  6900K .......... .......... .......... .......... ..........  3% 3.09M 3m29s
  6950K .......... .......... .......... .......... ..........  3% 1.02M 3m29s
  7000K .......... .......... .......... .......... ..........  3% 1.07M 3m28s
  7050K .......... .......... .......... .......... ..........  3% 1.24M 3m28s
  7100K .......... .......... .......... .......... ..........  3% 3.49M 3m27s
  7150K .......... .......... .......... .......... ..........  3% 4.22M 3m25s
  7200K .......... .......... .......... .......... ..........  3% 1.99M 3m25s
  7250K .......... .......... .......... .......... ..........  3%  344K 3m27s
  7300K .......... .......... .......... .......... ..........  3% 1.63M 3m26s
  7350K .......... .......... .......... .......... ..........  3% 1.64M 3m26s
  7400K .......... .......... .......... .......... ..........  3% 1.38M 3m25s
  7450K .......... .......... .......... .......... ..........  3% 2.61M 3m24s
  7500K .......... .......... .......... .......... ..........  3% 3.72M 3m23s
  7550K .......... .......... .......... .......... ..........  3% 3.00M 3m22s
  7600K .......... .......... .......... .......... ..........  3% 1.82M 3m21s
  7650K .......... .......... .......... .......... ..........  3%  838K 3m21s
  7700K .......... .......... .......... .......... ..........  3% 1.84M 3m21s
  7750K .......... .......... .......... .......... ..........  3% 3.40M 3m20s
  7800K .......... .......... .......... .......... ..........  3% 2.18M 3m19s
  7850K .......... .......... .......... .......... ..........  3%  146K 3m26s
  7900K .......... .......... .......... .......... ..........  4% 3.49M 3m25s
  7950K .......... .......... .......... .......... ..........  4% 2.11M 3m24s
  8000K .......... .......... .......... .......... ..........  4% 3.84M 3m23s
  8050K .......... .......... .......... .......... ..........  4%  866K 3m23s
  8100K .......... .......... .......... .......... ..........  4% 1.70M 3m23s
  8150K .......... .......... .......... .......... ..........  4% 1.18M 3m22s
  8200K .......... .......... .......... .......... ..........  4%  278K 3m25s
  8250K .......... .......... .......... .......... ..........  4% 1.37M 3m25s
  8300K .......... .......... .......... .......... ..........  4% 2.56M 3m24s
  8350K .......... .......... .......... .......... ..........  4% 2.42M 3m23s
  8400K .......... .......... .......... .......... ..........  4% 2.91M 3m22s
  8450K .......... .......... .......... .......... ..........  4%  278K 3m25s
  8500K .......... .......... .......... .......... ..........  4%  479K 3m26s
  8550K .......... .......... .......... .......... ..........  4% 31.7K 3m59s
  8600K .......... .......... .......... .......... ..........  4% 2.11M 3m58s
  8650K .......... .......... .......... .......... ..........  4% 2.55M 3m57s
  8700K .......... .......... .......... .......... ..........  4% 2.25M 3m56s
  8750K .......... .......... .......... .......... ..........  4% 2.70M 3m55s
  8800K .......... .......... .......... .......... ..........  4% 2.52M 3m54s
  8850K .......... .......... .......... .......... ..........  4% 2.44M 3m53s
  8900K .......... .......... .......... .......... ..........  4% 2.67M 3m52s
  8950K .......... .......... .......... .......... ..........  4% 2.06M 3m52s
  9000K .......... .......... .......... .......... ..........  4% 3.56M 3m51s
  9050K .......... .......... .......... .......... ..........  4% 4.56M 3m49s
  9100K .......... .......... .......... .......... ..........  4% 4.99M 3m48s
  9150K .......... .......... .......... .......... ..........  4% 6.63M 3m47s
  9200K .......... .......... .......... .......... ..........  4% 4.22M 3m46s
  9250K .......... .......... .......... .......... ..........  4% 2.64M 3m45s
  9300K .......... .......... .......... .......... ..........  4% 3.04M 3m44s
  9350K .......... .......... .......... .......... ..........  4% 92.8K 3m54s
  9400K .......... .......... .......... .......... ..........  4% 2.47M 3m53s
  9450K .......... .......... .......... .......... ..........  4% 2.28M 3m52s
  9500K .......... .......... .......... .......... ..........  4% 2.57M 3m51s
  9550K .......... .......... .......... .......... ..........  4% 2.61M 3m50s
  9600K .......... .......... .......... .......... ..........  4% 2.54M 3m49s
  9650K .......... .......... .......... .......... ..........  4% 2.47M 3m49s
  9700K .......... .......... .......... .......... ..........  4% 2.22M 3m48s
  9750K .......... .......... .......... .......... ..........  4%  134K 3m54s
  9800K .......... .......... .......... .......... ..........  4% 2.27M 3m53s
  9850K .......... .......... .......... .......... ..........  5%  307K 3m55s
  9900K .......... .......... .......... .......... ..........  5% 1.64M 3m54s
  9950K .......... .......... .......... .......... ..........  5% 1.14M 3m54s
 10000K .......... .......... .......... .......... ..........  5% 3.49M 3m53s
 10050K .......... .......... .......... .......... ..........  5% 3.65M 3m52s
 10100K .......... .......... .......... .......... ..........  5% 1.60M 3m51s
 10150K .......... .......... .......... .......... ..........  5% 3.82M 3m50s
 10200K .......... .......... .......... .......... ..........  5% 3.18M 3m49s
 10250K .......... .......... .......... .......... ..........  5%  128K 3m55s
 10300K .......... .......... .......... .......... ..........  5% 63.0K 4m8s
 10350K .......... .......... .......... .......... ..........  5% 2.39M 4m7s
 10400K .......... .......... .......... .......... ..........  5% 3.37M 4m6s
 10450K .......... .......... .......... .......... ..........  5% 2.77M 4m6s
 10500K .......... .......... .......... .......... ..........  5% 2.59M 4m5s
 10550K .......... .......... .......... .......... ..........  5% 3.87M 4m4s
 10600K .......... .......... .......... .......... ..........  5% 3.10M 4m3s
 10650K .......... .......... .......... .......... ..........  5% 4.23M 4m2s
 10700K .......... .......... .......... .......... ..........  5% 2.48M 4m1s
 10750K .......... .......... .......... .......... ..........  5% 3.29M 4m0s
 10800K .......... .......... .......... .......... ..........  5% 3.99M 3m59s
 10850K .......... .......... .......... .......... ..........  5% 2.81M 3m58s
 10900K .......... .......... .......... .......... ..........  5% 3.34M 3m57s
 10950K .......... .......... .......... .......... ..........  5% 3.42M 3m56s
 11000K .......... .......... .......... .......... ..........  5% 3.20M 3m55s
 11050K .......... .......... .......... .......... ..........  5% 4.21M 3m55s
 11100K .......... .......... .......... .......... ..........  5% 2.93M 3m54s
 11150K .......... .......... .......... .......... ..........  5% 3.46M 3m53s
 11200K .......... .......... .......... .......... ..........  5% 3.72M 3m52s
 11250K .......... .......... .......... .......... ..........  5% 3.78M 3m51s
 11300K .......... .......... .......... .......... ..........  5% 94.4K 3m59s
 11350K .......... .......... .......... .......... ..........  5% 3.65M 3m58s
 11400K .......... .......... .......... .......... ..........  5% 5.18M 3m57s
 11450K .......... .......... .......... .......... ..........  5% 4.03M 3m56s
 11500K .......... .......... .......... .......... ..........  5%  751K 3m56s
 11550K .......... .......... .......... .......... ..........  5%  576K 3m56s
 11600K .......... .......... .......... .......... ..........  5% 1.25M 3m56s
 11650K .......... .......... .......... .......... ..........  5% 1.63M 3m55s
 11700K .......... .......... .......... .......... ..........  5% 1.03M 3m55s
 11750K .......... .......... .......... .......... ..........  5% 95.0K 4m2s
 11800K .......... .......... .......... .......... ..........  5% 2.47M 4m1s
 11850K .......... .......... .......... .......... ..........  6% 2.43M 4m1s
 11900K .......... .......... .......... .......... ..........  6% 1.78M 4m0s
 11950K .......... .......... .......... .......... ..........  6% 3.70M 3m59s
 12000K .......... .......... .......... .......... ..........  6% 4.64M 3m58s
 12050K .......... .......... .......... .......... ..........  6% 3.98M 3m57s
 12100K .......... .......... .......... .......... ..........  6% 2.74M 3m57s
 12150K .......... .......... .......... .......... ..........  6%  142K 4m1s
 12200K .......... .......... .......... .......... ..........  6%  972K 4m1s
 12250K .......... .......... .......... .......... ..........  6% 4.24M 4m0s
 12300K .......... .......... .......... .......... ..........  6% 1.09M 3m59s
 12350K .......... .......... .......... .......... ..........  6% 4.06M 3m59s
 12400K .......... .......... .......... .......... ..........  6% 4.51M 3m58s
 12450K .......... .......... .......... .......... ..........  6% 2.82M 3m57s
 12500K .......... .......... .......... .......... ..........  6% 2.25M 3m56s
 12550K .......... .......... .......... .......... ..........  6%  197K 3m59s
 12600K .......... .......... .......... .......... ..........  6%  254K 4m1s
 12650K .......... .......... .......... .......... ..........  6% 4.11M 4m0s
 12700K .......... .......... .......... .......... ..........  6% 2.90M 3m59s
 12750K .......... .......... .......... .......... ..........  6%  802K 3m59s
 12800K .......... .......... .......... .......... ..........  6% 1.59M 3m59s
 12850K .......... .......... .......... .......... ..........  6% 2.58M 3m58s
 12900K .......... .......... .......... .......... ..........  6% 2.86M 3m57s
 12950K .......... .......... .......... .......... ..........  6% 2.64M 3m56s
 13000K .......... .......... .......... .......... ..........  6%  252K 3m58s
 13050K .......... .......... .......... .......... ..........  6% 48.8K 4m12s
 13100K .......... .......... .......... .......... ..........  6% 1.94M 4m11s
 13150K .......... .......... .......... .......... ..........  6% 1.00M 4m11s
 13200K .......... .......... .......... .......... ..........  6% 21.4K 4m42s
 13250K .......... .......... .......... .......... ..........  6% 97.4K 4m48s
 13300K .......... .......... .......... .......... ..........  6%  106K 4m54s
 13350K .......... .......... .......... .......... ..........  6% 94.9K 5m0s
 13400K .......... .......... .......... .......... ..........  6% 89.3K 5m6s
 13450K .......... .......... .......... .......... ..........  6%  122K 5m11s
 13500K .......... .......... .......... .......... ..........  6%  324K 5m12s
 13550K .......... .......... .......... .......... ..........  6% 53.5K 5m23s
 13600K .......... .......... .......... .......... ..........  6% 71.1K 5m31s
 13650K .......... .......... .......... .......... ..........  6% 82.8K 5m38s
 13700K .......... .......... .......... .......... ..........  6% 1.12M 5m37s
 13750K .......... .......... .......... .......... ..........  6% 4.29M 5m36s
 13800K .......... .......... .......... .......... ..........  6% 3.27M 5m35s
 13850K .......... .......... .......... .......... ..........  7% 1.30M 5m34s
 13900K .......... .......... .......... .......... ..........  7% 2.36M 5m33s
 13950K .......... .......... .......... .......... ..........  7%  362K 5m34s
 14000K .......... .......... .......... .......... ..........  7% 1.04M 5m33s
 14050K .......... .......... .......... .......... ..........  7% 2.92M 5m32s
 14100K .......... .......... .......... .......... ..........  7% 3.83M 5m31s
 14150K .......... .......... .......... .......... ..........  7% 2.36M 5m30s
 14200K .......... .......... .......... .......... ..........  7% 3.13M 5m29s
 14250K .......... .......... .......... .......... ..........  7% 3.68M 5m28s
 14300K .......... .......... .......... .......... ..........  7%  940K 5m27s
 14350K .......... .......... .......... .......... ..........  7%  377K 5m28s
 14400K .......... .......... .......... .......... ..........  7% 2.75M 5m27s
 14450K .......... .......... .......... .......... ..........  7% 1.79M 5m26s
 14500K .......... .......... .......... .......... ..........  7% 2.02M 5m25s
 14550K .......... .......... .......... .......... ..........  7% 74.4K 5m32s
 14600K .......... .......... .......... .......... ..........  7% 3.49M 5m31s
 14650K .......... .......... .......... .......... ..........  7% 4.13M 5m30s
 14700K .......... .......... .......... .......... ..........  7% 3.70M 5m29s
 14750K .......... .......... .......... .......... ..........  7% 3.58M 5m28s
 14800K .......... .......... .......... .......... ..........  7% 4.57M 5m27s
 14850K .......... .......... .......... .......... ..........  7% 3.98M 5m26s
 14900K .......... .......... .......... .......... ..........  7% 3.27M 5m25s
 14950K .......... .......... .......... .......... ..........  7% 3.80M 5m24s
 15000K .......... .......... .......... .......... ..........  7% 4.24M 5m23s
 15050K .......... .......... .......... .......... ..........  7% 4.01M 5m22s
 15100K .......... .......... .......... .......... ..........  7% 3.14M 5m21s
 15150K .......... .......... .......... .......... ..........  7% 2.51M 5m20s
 15200K .......... .......... .......... .......... ..........  7% 3.47M 5m19s
 15250K .......... .......... .......... .......... ..........  7% 2.01M 5m18s
 15300K .......... .......... .......... .......... ..........  7%  109K 5m23s
 15350K .......... .......... .......... .......... ..........  7%  697K 5m22s
 15400K .......... .......... .......... .......... ..........  7% 2.24M 5m21s
 15450K .......... .......... .......... .......... ..........  7% 2.03M 5m21s
 15500K .......... .......... .......... .......... ..........  7% 3.06M 5m20s
 15550K .......... .......... .......... .......... ..........  7%  286K 5m21s
 15600K .......... .......... .......... .......... ..........  7%  343K 5m21s
 15650K .......... .......... .......... .......... ..........  7%  383K 5m22s
 15700K .......... .......... .......... .......... ..........  7% 2.99M 5m21s
 15750K .......... .......... .......... .......... ..........  7% 1.44M 5m20s
 15800K .......... .......... .......... .......... ..........  8% 2.54M 5m19s
 15850K .......... .......... .......... .......... ..........  8%  178K 5m21s
 15900K .......... .......... .......... .......... ..........  8% 3.55M 5m20s
 15950K .......... .......... .......... .......... ..........  8% 3.11M 5m19s
 16000K .......... .......... .......... .......... ..........  8% 2.86M 5m18s
 16050K .......... .......... .......... .......... ..........  8% 1.44M 5m18s
 16100K .......... .......... .......... .......... ..........  8% 3.20M 5m17s
 16150K .......... .......... .......... .......... ..........  8%  149K 5m20s
 16200K .......... .......... .......... .......... ..........  8%  581K 5m19s
 16250K .......... .......... .......... .......... ..........  8% 4.21M 5m18s
 16300K .......... .......... .......... .......... ..........  8% 4.10M 5m18s
 16350K .......... .......... .......... .......... ..........  8%  581K 5m17s
 16400K .......... .......... .......... .......... ..........  8% 1.03M 5m17s
 16450K .......... .......... .......... .......... ..........  8%  533K 5m17s
 16500K .......... .......... .......... .......... ..........  8% 81.9K 5m23s
 16550K .......... .......... .......... .......... ..........  8% 3.42M 5m22s
 16600K .......... .......... .......... .......... ..........  8% 1.72M 5m21s
 16650K .......... .......... .......... .......... ..........  8%  851K 5m20s
 16700K .......... .......... .......... .......... ..........  8% 3.13M 5m20s
 16750K .......... .......... .......... .......... ..........  8% 3.77M 5m19s
 16800K .......... .......... .......... .......... ..........  8%  142K 5m21s
 16850K .......... .......... .......... .......... ..........  8% 2.59M 5m21s
 16900K .......... .......... .......... .......... ..........  8% 3.30M 5m20s
 16950K .......... .......... .......... .......... ..........  8% 3.27M 5m19s
 17000K .......... .......... .......... .......... ..........  8% 3.61M 5m18s
 17050K .......... .......... .......... .......... ..........  8% 3.63M 5m17s
 17100K .......... .......... .......... .......... ..........  8% 69.6K 5m24s
 17150K .......... .......... .......... .......... ..........  8%  555K 5m24s
 17200K .......... .......... .......... .......... ..........  8% 2.41M 5m23s
 17250K .......... .......... .......... .......... ..........  8% 3.79M 5m22s
 17300K .......... .......... .......... .......... ..........  8% 3.55M 5m21s
 17350K .......... .......... .......... .......... ..........  8% 2.01M 5m20s
 17400K .......... .......... .......... .......... ..........  8%  366K 5m21s
 17450K .......... .......... .......... .......... ..........  8%  232K 5m22s
 17500K .......... .......... .......... .......... ..........  8% 2.97M 5m21s
 17550K .......... .......... .......... .......... ..........  8% 2.44M 5m20s
 17600K .......... .......... .......... .......... ..........  8% 3.34M 5m19s
 17650K .......... .......... .......... .......... ..........  8%  634K 5m19s
 17700K .......... .......... .......... .......... ..........  8%  216K 5m21s
 17750K .......... .......... .......... .......... ..........  8%  681K 5m20s
 17800K .......... .......... .......... .......... ..........  9% 3.29M 5m19s
 17850K .......... .......... .......... .......... ..........  9% 3.20M 5m19s
 17900K .......... .......... .......... .......... ..........  9% 3.84M 5m18s
 17950K .......... .......... .......... .......... ..........  9% 2.11M 5m17s
 18000K .......... .......... .......... .......... ..........  9% 3.16M 5m16s
 18050K .......... .......... .......... .......... ..........  9%  110K 5m20s
 18100K .......... .......... .......... .......... ..........  9% 1.40M 5m19s
 18150K .......... .......... .......... .......... ..........  9% 1.61M 5m19s
 18200K .......... .......... .......... .......... ..........  9% 1.42M 5m18s
 18250K .......... .......... .......... .......... ..........  9% 2.44M 5m17s
 18300K .......... .......... .......... .......... ..........  9% 2.79M 5m16s
 18350K .......... .......... .......... .......... ..........  9% 86.3K 5m21s
 18400K .......... .......... .......... .......... ..........  9% 3.00M 5m20s
 18450K .......... .......... .......... .......... ..........  9% 3.66M 5m19s
 18500K .......... .......... .......... .......... ..........  9% 3.45M 5m19s
 18550K .......... .......... .......... .......... ..........  9% 2.64M 5m18s
 18600K .......... .......... .......... .......... ..........  9% 3.73M 5m17s
 18650K .......... .......... .......... .......... ..........  9%  750K 5m17s
 18700K .......... .......... .......... .......... ..........  9%  217K 5m18s
 18750K .......... .......... .......... .......... ..........  9% 1.44M 5m17s
 18800K .......... .......... .......... .......... ..........  9%  430K 5m18s
 18850K .......... .......... .......... .......... ..........  9% 1.19M 5m17s
 18900K .......... .......... .......... .......... ..........  9%  669K 5m17s
 18950K .......... .......... .......... .......... ..........  9%  606K 5m17s
 19000K .......... .......... .......... .......... ..........  9%  289K 5m17s
 19050K .......... .......... .......... .......... ..........  9%  111K 5m21s
 19100K .......... .......... .......... .......... ..........  9%  873K 5m20s
 19150K .......... .......... .......... .......... ..........  9% 3.86M 5m20s
 19200K .......... .......... .......... .......... ..........  9% 1.52M 5m19s
 19250K .......... .......... .......... .......... ..........  9% 3.99M 5m18s
 19300K .......... .......... .......... .......... ..........  9%  168K 5m20s
 19350K .......... .......... .......... .......... ..........  9% 2.20M 5m19s
 19400K .......... .......... .......... .......... ..........  9% 3.50M 5m18s
 19450K .......... .......... .......... .......... ..........  9% 1.89M 5m18s
 19500K .......... .......... .......... .......... ..........  9% 1024K 5m17s
 19550K .......... .......... .......... .......... ..........  9% 2.07M 5m17s
 19600K .......... .......... .......... .......... ..........  9%  109K 5m20s
 19650K .......... .......... .......... .......... ..........  9% 1.17M 5m19s
 19700K .......... .......... .......... .......... ..........  9% 1.71M 5m19s
 19750K .......... .......... .......... .......... .......... 10% 3.48M 5m18s
 19800K .......... .......... .......... .......... .......... 10% 3.92M 5m17s
 19850K .......... .......... .......... .......... .......... 10% 2.40M 5m16s
 19900K .......... .......... .......... .......... .......... 10% 3.41M 5m16s
 19950K .......... .......... .......... .......... .......... 10% 55.3K 5m23s
 20000K .......... .......... .......... .......... .......... 10%  800K 5m23s
 20050K .......... .......... .......... .......... .......... 10% 3.76M 5m22s
 20100K .......... .......... .......... .......... .......... 10% 3.76M 5m21s
 20150K .......... .......... .......... .......... .......... 10% 3.83M 5m20s
 20200K .......... .......... .......... .......... .......... 10% 3.49M 5m19s
 20250K .......... .......... .......... .......... .......... 10% 3.27M 5m19s
 20300K .......... .......... .......... .......... .......... 10%  497K 5m19s
 20350K .......... .......... .......... .......... .......... 10% 3.58M 5m18s
 20400K .......... .......... .......... .......... .......... 10% 4.50M 5m17s
 20450K .......... .......... .......... .......... .......... 10%  181K 5m19s
 20500K .......... .......... .......... .......... .......... 10% 3.95M 5m18s
 20550K .......... .......... .......... .......... .......... 10% 3.41M 5m17s
 20600K .......... .......... .......... .......... .......... 10% 2.45M 5m17s
 20650K .......... .......... .......... .......... .......... 10% 1.45M 5m16s
 20700K .......... .......... .......... .......... .......... 10%  949K 5m16s
 20750K .......... .......... .......... .......... .......... 10% 1.81M 5m15s
 20800K .......... .......... .......... .......... .......... 10% 1.02M 5m15s
 20850K .......... .......... .......... .......... .......... 10%  112K 5m17s
 20900K .......... .......... .......... .......... .......... 10%  720K 5m17s
 20950K .......... .......... .......... .......... .......... 10% 3.14M 5m17s
 21000K .......... .......... .......... .......... .......... 10%  382K 5m17s
 21050K .......... .......... .......... .......... .......... 10% 4.13M 5m16s
 21100K .......... .......... .......... .......... .......... 10%  316K 5m17s
 21150K .......... .......... .......... .......... .......... 10%  798K 5m16s
 21200K .......... .......... .......... .......... .......... 10% 3.59M 5m15s
 21250K .......... .......... .......... .......... .......... 10%  162K 5m17s
 21300K .......... .......... .......... .......... .......... 10%  587K 5m17s
 21350K .......... .......... .......... .......... .......... 10% 2.96M 5m16s
 21400K .......... .......... .......... .......... .......... 10%  637K 5m16s
 21450K .......... .......... .......... .......... .......... 10%  709K 5m16s
 21500K .......... .......... .......... .......... .......... 10% 1.35M 5m15s
 21550K .......... .......... .......... .......... .......... 10% 2.03M 5m15s
 21600K .......... .......... .......... .......... .......... 10% 1.26M 5m14s
 21650K .......... .......... .......... .......... .......... 10% 1.19M 5m14s
 21700K .......... .......... .......... .......... .......... 10%  621K 5m14s
 21750K .......... .......... .......... .......... .......... 11%  811K 5m13s
 21800K .......... .......... .......... .......... .......... 11% 1.30M 5m13s
 21850K .......... .......... .......... .......... .......... 11%  567K 5m13s
 21900K .......... .......... .......... .......... .......... 11%  355K 5m13s
 21950K .......... .......... .......... .......... .......... 11%  242K 5m14s
 22000K .......... .......... .......... .......... .......... 11% 3.86M 5m13s
 22050K .......... .......... .......... .......... .......... 11%  207K 5m14s
 22100K .......... .......... .......... .......... .......... 11% 1.64M 5m14s
 22150K .......... .......... .......... .......... .......... 11%  249K 5m15s
 22200K .......... .......... .......... .......... .......... 11%  485K 5m15s
 22250K .......... .......... .......... .......... .......... 11%  134K 5m17s
 22300K .......... .......... .......... .......... .......... 11%  252K 5m18s
 22350K .......... .......... .......... .......... .......... 11%  252K 5m18s
 22400K .......... .......... .......... .......... .......... 11%  352K 5m19s
 22450K .......... .......... .......... .......... .......... 11%  329K 5m19s
 22500K .......... .......... .......... .......... .......... 11% 23.2K 5m35s
 22550K .......... .......... .......... .......... .......... 11% 3.04M 5m34s
 22600K .......... .......... .......... .......... .......... 11% 3.56M 5m34s
 22650K .......... .......... .......... .......... .......... 11% 4.33M 5m33s
 22700K .......... .......... .......... .......... .......... 11% 3.35M 5m32s
 22750K .......... .......... .......... .......... .......... 11% 4.53M 5m31s
 22800K .......... .......... .......... .......... .......... 11% 4.07M 5m31s
 22850K .......... .......... .......... .......... .......... 11% 3.43M 5m30s
 22900K .......... .......... .......... .......... .......... 11% 3.79M 5m29s
 22950K .......... .......... .......... .......... .......... 11% 2.93M 5m29s
 23000K .......... .......... .......... .......... .......... 11%  406K 5m29s
 23050K .......... .......... .......... .......... .......... 11% 4.26M 5m28s
 23100K .......... .......... .......... .......... .......... 11% 3.77M 5m27s
 23150K .......... .......... .......... .......... .......... 11% 4.26M 5m27s
 23200K .......... .......... .......... .......... .......... 11% 2.56M 5m26s
 23250K .......... .......... .......... .......... .......... 11% 3.54M 5m25s
 23300K .......... .......... .......... .......... .......... 11% 4.52M 5m24s
 23350K .......... .......... .......... .......... .......... 11% 2.68M 5m24s
 23400K .......... .......... .......... .......... .......... 11% 3.36M 5m23s
 23450K .......... .......... .......... .......... .......... 11% 3.12M 5m22s
 23500K .......... .......... .......... .......... .......... 11% 3.50M 5m22s
 23550K .......... .......... .......... .......... .......... 11% 3.72M 5m21s
 23600K .......... .......... .......... .......... .......... 11% 3.56M 5m20s
 23650K .......... .......... .......... .......... .......... 11% 4.28M 5m20s
 23700K .......... .......... .......... .......... .......... 11% 3.26M 5m19s
 23750K .......... .......... .......... .......... .......... 12% 3.52M 5m18s
 23800K .......... .......... .......... .......... .......... 12% 3.52M 5m18s
 23850K .......... .......... .......... .......... .......... 12% 3.57M 5m17s
 23900K .......... .......... .......... .......... .......... 12% 3.85M 5m16s
 23950K .......... .......... .......... .......... .......... 12% 1.69M 5m16s
 24000K .......... .......... .......... .......... .......... 12%  105K 5m19s
 24050K .......... .......... .......... .......... .......... 12% 1.45M 5m18s
 24100K .......... .......... .......... .......... .......... 12% 1.16M 5m18s
 24150K .......... .......... .......... .......... .......... 12% 1.40M 5m17s
 24200K .......... .......... .......... .......... .......... 12%  186K 5m18s
 24250K .......... .......... .......... .......... .......... 12% 1.07M 5m18s
 24300K .......... .......... .......... .......... .......... 12%  961K 5m18s
 24350K .......... .......... .......... .......... .......... 12% 2.50M 5m17s
 24400K .......... .......... .......... .......... .......... 12% 3.13M 5m16s
 24450K .......... .......... .......... .......... .......... 12% 2.97M 5m16s
 24500K .......... .......... .......... .......... .......... 12% 1.85M 5m15s
 24550K .......... .......... .......... .......... .......... 12% 1.78M 5m15s
 24600K .......... .......... .......... .......... .......... 12% 91.2K 5m18s
 24650K .......... .......... .......... .......... .......... 12%  287K 5m18s
 24700K .......... .......... .......... .......... .......... 12%  399K 5m18s
 24750K .......... .......... .......... .......... .......... 12%  439K 5m18s
 24800K .......... .......... .......... .......... .......... 12%  336K 5m19s
 24850K .......... .......... .......... .......... .......... 12% 3.58M 5m18s
 24900K .......... .......... .......... .......... .......... 12% 3.45M 5m18s
 24950K .......... .......... .......... .......... .......... 12%  300K 5m18s
 25000K .......... .......... .......... .......... .......... 12% 1.76M 5m17s
 25050K .......... .......... .......... .......... .......... 12% 1.73M 5m17s
 25100K .......... .......... .......... .......... .......... 12%  521K 5m17s
 25150K .......... .......... .......... .......... .......... 12%  721K 5m17s
 25200K .......... .......... .......... .......... .......... 12% 3.31M 5m16s
 25250K .......... .......... .......... .......... .......... 12%  408K 5m16s
 25300K .......... .......... .......... .......... .......... 12% 2.26M 5m15s
 25350K .......... .......... .......... .......... .......... 12% 2.11M 5m15s
 25400K .......... .......... .......... .......... .......... 12%  283K 5m15s
 25450K .......... .......... .......... .......... .......... 12%  644K 5m15s
 25500K .......... .......... .......... .......... .......... 12% 2.70M 5m15s
 25550K .......... .......... .......... .......... .......... 12% 4.05M 5m14s
 25600K .......... .......... .......... .......... .......... 12% 2.87M 5m13s
 25650K .......... .......... .......... .......... .......... 12%  960K 5m13s
 25700K .......... .......... .......... .......... .......... 13% 2.12M 5m13s
 25750K .......... .......... .......... .......... .......... 13% 1.40M 5m12s
 25800K .......... .......... .......... .......... .......... 13% 3.82M 5m11s
 25850K .......... .......... .......... .......... .......... 13% 3.05M 5m11s
 25900K .......... .......... .......... .......... .......... 13% 1.56M 5m10s
 25950K .......... .......... .......... .......... .......... 13%  279K 5m11s
 26000K .......... .......... .......... .......... .......... 13%  109K 5m13s
 26050K .......... .......... .......... .......... .......... 13%  258K 5m14s
 26100K .......... .......... .......... .......... .......... 13%  236K 5m15s
 26150K .......... .......... .......... .......... .......... 13%  384K 5m15s
 26200K .......... .......... .......... .......... .......... 13%  514K 5m15s
 26250K .......... .......... .......... .......... .......... 13% 1.22M 5m14s
 26300K .......... .......... .......... .......... .......... 13%  694K 5m14s
 26350K .......... .......... .......... .......... .......... 13% 1.60M 5m14s
 26400K .......... .......... .......... .......... .......... 13%  286K 5m14s
 26450K .......... .......... .......... .......... .......... 13% 1.06M 5m14s
 26500K .......... .......... .......... .......... .......... 13% 3.73M 5m13s
 26550K .......... .......... .......... .......... .......... 13% 3.59M 5m12s
 26600K .......... .......... .......... .......... .......... 13% 2.42M 5m12s
 26650K .......... .......... .......... .......... .......... 13% 3.70M 5m11s
 26700K .......... .......... .......... .......... .......... 13% 1.81M 5m11s
 26750K .......... .......... .......... .......... .......... 13% 1.74M 5m10s
 26800K .......... .......... .......... .......... .......... 13%  339K 5m11s
 26850K .......... .......... .......... .......... .......... 13% 1.02M 5m10s
 26900K .......... .......... .......... .......... .......... 13% 4.09M 5m10s
 26950K .......... .......... .......... .......... .......... 13% 1.54M 5m9s
 27000K .......... .......... .......... .......... .......... 13% 2.24M 5m9s
 27050K .......... .......... .......... .......... .......... 13%  159K 5m10s
 27100K .......... .......... .......... .......... .......... 13% 3.05M 5m9s
 27150K .......... .......... .......... .......... .......... 13% 3.85M 5m9s
 27200K .......... .......... .......... .......... .......... 13% 1.23M 5m8s
 27250K .......... .......... .......... .......... .......... 13% 3.84M 5m8s
 27300K .......... .......... .......... .......... .......... 13% 1.58M 5m7s
 27350K .......... .......... .......... .......... .......... 13% 1.97M 5m7s
 27400K .......... .......... .......... .......... .......... 13% 3.14M 5m6s
 27450K .......... .......... .......... .......... .......... 13%  399K 5m6s
 27500K .......... .......... .......... .......... .......... 13% 1.21M 5m6s
 27550K .......... .......... .......... .......... .......... 13%  839K 5m6s
 27600K .......... .......... .......... .......... .......... 13%  244K 5m6s
 27650K .......... .......... .......... .......... .......... 13% 1.44M 5m6s
 27700K .......... .......... .......... .......... .......... 14%  132K 5m8s
 27750K .......... .......... .......... .......... .......... 14% 3.56M 5m7s
 27800K .......... .......... .......... .......... .......... 14% 1.23M 5m7s
 27850K .......... .......... .......... .......... .......... 14%  579K 5m7s
 27900K .......... .......... .......... .......... .......... 14% 2.19M 5m6s
 27950K .......... .......... .......... .......... .......... 14%  610K 5m6s
 28000K .......... .......... .......... .......... .......... 14%  844K 5m6s
 28050K .......... .......... .......... .......... .......... 14% 3.49M 5m5s
 28100K .......... .......... .......... .......... .......... 14% 2.22M 5m5s
 28150K .......... .......... .......... .......... .......... 14% 1.13M 5m4s
 28200K .......... .......... .......... .......... .......... 14% 2.33M 5m4s
 28250K .......... .......... .......... .......... .......... 14% 4.01M 5m3s
 28300K .......... .......... .......... .......... .......... 14% 3.70M 5m3s
 28350K .......... .......... .......... .......... .......... 14% 3.25M 5m2s
 28400K .......... .......... .......... .......... .......... 14% 4.01M 5m2s
 28450K .......... .......... .......... .......... .......... 14% 3.32M 5m1s
 28500K .......... .......... .......... .......... .......... 14%  453K 5m1s
 28550K .......... .......... .......... .......... .......... 14%  410K 5m1s
 28600K .......... .......... .......... .......... .......... 14% 2.64M 5m1s
 28650K .......... .......... .......... .......... .......... 14% 3.49M 5m0s
 28700K .......... .......... .......... .......... .......... 14% 2.87M 5m0s
 28750K .......... .......... .......... .......... .......... 14% 2.15M 4m59s
 28800K .......... .......... .......... .......... .......... 14% 3.52M 4m59s
 28850K .......... .......... .......... .......... .......... 14% 3.46M 4m58s
 28900K .......... .......... .......... .......... .......... 14% 2.59M 4m58s
 28950K .......... .......... .......... .......... .......... 14% 3.36M 4m57s
 29000K .......... .......... .......... .......... .......... 14% 4.35M 4m57s
 29050K .......... .......... .......... .......... .......... 14% 4.21M 4m56s
 29100K .......... .......... .......... .......... .......... 14% 3.37M 4m55s
 29150K .......... .......... .......... .......... .......... 14% 3.77M 4m55s
 29200K .......... .......... .......... .......... .......... 14% 3.48M 4m54s
 29250K .......... .......... .......... .......... .......... 14% 4.24M 4m54s
 29300K .......... .......... .......... .......... .......... 14% 72.9K 4m57s
 29350K .......... .......... .......... .......... .......... 14% 2.29M 4m57s
 29400K .......... .......... .......... .......... .......... 14% 3.30M 4m56s
 29450K .......... .......... .......... .......... .......... 14% 2.17M 4m56s
 29500K .......... .......... .......... .......... .......... 14% 3.09M 4m55s
 29550K .......... .......... .......... .......... .......... 14% 3.08M 4m55s
 29600K .......... .......... .......... .......... .......... 14% 2.45M 4m54s
 29650K .......... .......... .......... .......... .......... 15% 3.04M 4m54s
 29700K .......... .......... .......... .......... .......... 15% 1.33M 4m54s
 29750K .......... .......... .......... .......... .......... 15% 1.42M 4m53s
 29800K .......... .......... .......... .......... .......... 15% 2.09M 4m53s
 29850K .......... .......... .......... .......... .......... 15% 1.81M 4m52s
 29900K .......... .......... .......... .......... .......... 15% 2.64M 4m52s
 29950K .......... .......... .......... .......... .......... 15% 2.74M 4m51s
 30000K .......... .......... .......... .......... .......... 15% 2.59M 4m51s
 30050K .......... .......... .......... .......... .......... 15% 3.29M 4m50s
 30100K .......... .......... .......... .......... .......... 15% 3.45M 4m50s
 30150K .......... .......... .......... .......... .......... 15%  523K 4m50s
 30200K .......... .......... .......... .......... .......... 15% 2.49M 4m49s
 30250K .......... .......... .......... .......... .......... 15% 3.95M 4m49s
 30300K .......... .......... .......... .......... .......... 15% 2.35M 4m48s
 30350K .......... .......... .......... .......... .......... 15% 3.98M 4m48s
 30400K .......... .......... .......... .......... .......... 15%  843K 4m48s
 30450K .......... .......... .......... .......... .......... 15%  415K 4m48s
 30500K .......... .......... .......... .......... .......... 15% 3.42M 4m47s
 30550K .......... .......... .......... .......... .......... 15% 1.48M 4m47s
 30600K .......... .......... .......... .......... .......... 15% 1.53M 4m47s
 30650K .......... .......... .......... .......... .......... 15% 3.27M 4m46s
 30700K .......... .......... .......... .......... .......... 15% 3.32M 4m46s
 30750K .......... .......... .......... .......... .......... 15% 4.23M 4m45s
 30800K .......... .......... .......... .......... .......... 15% 3.71M 4m45s
 30850K .......... .......... .......... .......... .......... 15% 3.14M 4m44s
 30900K .......... .......... .......... .......... .......... 15% 2.02M 4m44s
 30950K .......... .......... .......... .......... .......... 15% 3.27M 4m43s
 31000K .......... .......... .......... .......... .......... 15% 2.65M 4m43s
 31050K .......... .......... .......... .......... .......... 15% 3.96M 4m42s
 31100K .......... .......... .......... .......... .......... 15% 1.11M 4m42s
 31150K .......... .......... .......... .......... .......... 15%  935K 4m42s
 31200K .......... .......... .......... .......... .......... 15% 3.57M 4m41s
 31250K .......... .......... .......... .......... .......... 15%  331K 4m42s
 31300K .......... .......... .......... .......... .......... 15% 3.22M 4m41s
 31350K .......... .......... .......... .......... .......... 15% 3.50M 4m41s
 31400K .......... .......... .......... .......... .......... 15% 1000K 4m41s
 31450K .......... .......... .......... .......... .......... 15% 3.46M 4m40s
 31500K .......... .......... .......... .......... .......... 15% 1.20M 4m40s
 31550K .......... .......... .......... .......... .......... 15% 3.43M 4m39s
 31600K .......... .......... .......... .......... .......... 15% 3.34M 4m39s
 31650K .......... .......... .......... .......... .......... 16% 1.76M 4m38s
 31700K .......... .......... .......... .......... .......... 16% 3.41M 4m38s
 31750K .......... .......... .......... .......... .......... 16% 4.36M 4m38s
 31800K .......... .......... .......... .......... .......... 16% 3.41M 4m37s
 31850K .......... .......... .......... .......... .......... 16% 3.46M 4m37s
 31900K .......... .......... .......... .......... .......... 16% 3.86M 4m36s
 31950K .......... .......... .......... .......... .......... 16% 1.28M 4m36s
 32000K .......... .......... .......... .......... .......... 16% 1.90M 4m36s
 32050K .......... .......... .......... .......... .......... 16% 4.37M 4m35s
 32100K .......... .......... .......... .......... .......... 16%  861K 4m35s
 32150K .......... .......... .......... .......... .......... 16% 3.06M 4m34s
 32200K .......... .......... .......... .......... .......... 16% 3.27M 4m34s
 32250K .......... .......... .......... .......... .......... 16% 3.75M 4m34s
 32300K .......... .......... .......... .......... .......... 16% 3.69M 4m33s
 32350K .......... .......... .......... .......... .......... 16% 3.33M 4m33s
 32400K .......... .......... .......... .......... .......... 16% 3.69M 4m32s
 32450K .......... .......... .......... .......... .......... 16% 3.80M 4m32s
 32500K .......... .......... .......... .......... .......... 16% 3.87M 4m31s
 32550K .......... .......... .......... .......... .......... 16% 3.42M 4m31s
 32600K .......... .......... .......... .......... .......... 16% 3.41M 4m31s
 32650K .......... .......... .......... .......... .......... 16% 3.78M 4m30s
 32700K .......... .......... .......... .......... .......... 16% 2.65M 4m30s
 32750K .......... .......... .......... .......... .......... 16% 3.35M 4m29s
 32800K .......... .......... .......... .......... .......... 16% 3.14M 4m29s
 32850K .......... .......... .......... .......... .......... 16% 2.74M 4m28s
 32900K .......... .......... .......... .......... .......... 16%  525K 4m28s
 32950K .......... .......... .......... .......... .......... 16% 2.92M 4m28s
 33000K .......... .......... .......... .......... .......... 16% 4.41M 4m28s
 33050K .......... .......... .......... .......... .......... 16% 1.64M 4m27s
 33100K .......... .......... .......... .......... .......... 16% 3.26M 4m27s
 33150K .......... .......... .......... .......... .......... 16% 3.09M 4m26s
 33200K .......... .......... .......... .......... .......... 16% 2.12M 4m26s
 33250K .......... .......... .......... .......... .......... 16% 3.82M 4m26s
 33300K .......... .......... .......... .......... .......... 16% 4.76M 4m25s
 33350K .......... .......... .......... .......... .......... 16%  354K 4m25s
 33400K .......... .......... .......... .......... .......... 16% 2.16M 4m25s
 33450K .......... .......... .......... .......... .......... 16% 3.36M 4m25s
 33500K .......... .......... .......... .......... .......... 16% 3.81M 4m24s
 33550K .......... .......... .......... .......... .......... 16% 3.48M 4m24s
 33600K .......... .......... .......... .......... .......... 16% 3.04M 4m24s
 33650K .......... .......... .......... .......... .......... 17% 3.60M 4m23s
 33700K .......... .......... .......... .......... .......... 17% 3.05M 4m23s
 33750K .......... .......... .......... .......... .......... 17% 3.31M 4m22s
 33800K .......... .......... .......... .......... .......... 17% 3.49M 4m22s
 33850K .......... .......... .......... .......... .......... 17% 3.25M 4m22s
 33900K .......... .......... .......... .......... .......... 17% 3.75M 4m21s
 33950K .......... .......... .......... .......... .......... 17% 3.20M 4m21s
 34000K .......... .......... .......... .......... .......... 17% 3.69M 4m20s
 34050K .......... .......... .......... .......... .......... 17% 3.70M 4m20s
 34100K .......... .......... .......... .......... .......... 17% 3.39M 4m20s
 34150K .......... .......... .......... .......... .......... 17% 3.64M 4m19s
 34200K .......... .......... .......... .......... .......... 17% 3.35M 4m19s
 34250K .......... .......... .......... .......... .......... 17% 3.94M 4m18s
 34300K .......... .......... .......... .......... .......... 17%  669K 4m18s
 34350K .......... .......... .......... .......... .......... 17% 1.56M 4m18s
 34400K .......... .......... .......... .......... .......... 17% 4.40M 4m18s
 34450K .......... .......... .......... .......... .......... 17% 3.12M 4m17s
 34500K .......... .......... .......... .......... .......... 17% 4.40M 4m17s
 34550K .......... .......... .......... .......... .......... 17% 1.02M 4m17s
 34600K .......... .......... .......... .......... .......... 17% 1.81M 4m16s
 34650K .......... .......... .......... .......... .......... 17% 1.78M 4m16s
 34700K .......... .......... .......... .......... .......... 17% 1.02M 4m16s
 34750K .......... .......... .......... .......... .......... 17% 1.12M 4m15s
 34800K .......... .......... .......... .......... .......... 17% 3.32M 4m15s
 34850K .......... .......... .......... .......... .......... 17% 1.50M 4m15s
 34900K .......... .......... .......... .......... .......... 17%  428K 4m15s
 34950K .......... .......... .......... .......... .......... 17% 1.84M 4m15s
 35000K .......... .......... .......... .......... .......... 17% 1.14M 4m14s
 35050K .......... .......... .......... .......... .......... 17% 1018K 4m14s
 35100K .......... .......... .......... .......... .......... 17% 3.03M 4m14s
 35150K .......... .......... .......... .......... .......... 17% 3.68M 4m13s
 35200K .......... .......... .......... .......... .......... 17%  482K 4m13s
 35250K .......... .......... .......... .......... .......... 17% 3.98M 4m13s
 35300K .......... .......... .......... .......... .......... 17% 3.51M 4m13s
 35350K .......... .......... .......... .......... .......... 17% 1.08M 4m12s
 35400K .......... .......... .......... .......... .......... 17% 3.08M 4m12s
 35450K .......... .......... .......... .......... .......... 17% 3.72M 4m12s
 35500K .......... .......... .......... .......... .......... 17% 4.55M 4m11s
 35550K .......... .......... .......... .......... .......... 17% 4.40M 4m11s
 35600K .......... .......... .......... .......... .......... 18% 2.85M 4m11s
 35650K .......... .......... .......... .......... .......... 18% 3.35M 4m10s
 35700K .......... .......... .......... .......... .......... 18% 1.73M 4m10s
 35750K .......... .......... .......... .......... .......... 18% 3.55M 4m10s
 35800K .......... .......... .......... .......... .......... 18% 3.65M 4m9s
 35850K .......... .......... .......... .......... .......... 18%  364K 4m9s
 35900K .......... .......... .......... .......... .......... 18% 3.26M 4m9s
 35950K .......... .......... .......... .......... .......... 18% 2.98M 4m9s
 36000K .......... .......... .......... .......... .......... 18% 3.97M 4m8s
 36050K .......... .......... .......... .......... .......... 18% 3.79M 4m8s
 36100K .......... .......... .......... .......... .......... 18% 2.99M 4m8s
 36150K .......... .......... .......... .......... .......... 18% 3.65M 4m7s
 36200K .......... .......... .......... .......... .......... 18% 2.70M 4m7s
 36250K .......... .......... .......... .......... .......... 18% 3.63M 4m7s
 36300K .......... .......... .......... .......... .......... 18% 3.57M 4m6s
 36350K .......... .......... .......... .......... .......... 18% 3.26M 4m6s
 36400K .......... .......... .......... .......... .......... 18% 4.47M 4m5s
 36450K .......... .......... .......... .......... .......... 18% 3.25M 4m5s
 36500K .......... .......... .......... .......... .......... 18% 4.01M 4m5s
 36550K .......... .......... .......... .......... .......... 18% 3.87M 4m4s
 36600K .......... .......... .......... .......... .......... 18% 2.84M 4m4s
 36650K .......... .......... .......... .......... .......... 18% 3.40M 4m4s
 36700K .......... .......... .......... .......... .......... 18%  288K 4m4s
 36750K .......... .......... .......... .......... .......... 18% 3.89M 4m4s
 36800K .......... .......... .......... .......... .......... 18% 4.04M 4m3s
 36850K .......... .......... .......... .......... .......... 18% 3.53M 4m3s
 36900K .......... .......... .......... .......... .......... 18% 3.49M 4m3s
 36950K .......... .......... .......... .......... .......... 18% 3.32M 4m2s
 37000K .......... .......... .......... .......... .......... 18% 4.14M 4m2s
 37050K .......... .......... .......... .......... .......... 18% 3.77M 4m2s
 37100K .......... .......... .......... .......... .......... 18% 3.20M 4m1s
 37150K .......... .......... .......... .......... .......... 18% 4.64M 4m1s
 37200K .......... .......... .......... .......... .......... 18% 2.06M 4m1s
 37250K .......... .......... .......... .......... .......... 18% 2.99M 4m0s
 37300K .......... .......... .......... .......... .......... 18% 3.55M 4m0s
 37350K .......... .......... .......... .......... .......... 18% 3.54M 4m0s
 37400K .......... .......... .......... .......... .......... 18% 3.87M 3m59s
 37450K .......... .......... .......... .......... .......... 18% 1.10M 3m59s
 37500K .......... .......... .......... .......... .......... 18% 3.81M 3m59s
 37550K .......... .......... .......... .......... .......... 18%  437K 3m59s
 37600K .......... .......... .......... .......... .......... 19%  461K 3m59s
 37650K .......... .......... .......... .......... .......... 19% 2.77M 3m59s
 37700K .......... .......... .......... .......... .......... 19%  737K 3m59s
 37750K .......... .......... .......... .......... .......... 19% 3.37M 3m58s
 37800K .......... .......... .......... .......... .......... 19% 4.02M 3m58s
 37850K .......... .......... .......... .......... .......... 19% 1.03M 3m58s
 37900K .......... .......... .......... .......... .......... 19%  917K 3m58s
 37950K .......... .......... .......... .......... .......... 19%  948K 3m57s
 38000K .......... .......... .......... .......... .......... 19%  268K 3m58s
 38050K .......... .......... .......... .......... .......... 19%  863K 3m58s
 38100K .......... .......... .......... .......... .......... 19% 1.71M 3m57s
 38150K .......... .......... .......... .......... .......... 19% 3.41M 3m57s
 38200K .......... .......... .......... .......... .......... 19% 2.57M 3m57s
 38250K .......... .......... .......... .......... .......... 19%  659K 3m57s
 38300K .......... .......... .......... .......... .......... 19% 97.7K 3m58s
 38350K .......... .......... .......... .......... .......... 19% 3.39M 3m58s
 38400K .......... .......... .......... .......... .......... 19% 4.21M 3m58s
 38450K .......... .......... .......... .......... .......... 19% 3.43M 3m57s
 38500K .......... .......... .......... .......... .......... 19% 3.49M 3m57s
 38550K .......... .......... .......... .......... .......... 19% 3.25M 3m57s
 38600K .......... .......... .......... .......... .......... 19% 2.88M 3m56s
 38650K .......... .......... .......... .......... .......... 19% 3.19M 3m56s
 38700K .......... .......... .......... .......... .......... 19% 3.07M 3m56s
 38750K .......... .......... .......... .......... .......... 19% 3.88M 3m56s
 38800K .......... .......... .......... .......... .......... 19% 3.85M 3m55s
 38850K .......... .......... .......... .......... .......... 19% 3.36M 3m55s
 38900K .......... .......... .......... .......... .......... 19% 4.06M 3m55s
 38950K .......... .......... .......... .......... .......... 19% 3.83M 3m54s
 39000K .......... .......... .......... .......... .......... 19% 4.24M 3m54s
 39050K .......... .......... .......... .......... .......... 19% 3.92M 3m54s
 39100K .......... .......... .......... .......... .......... 19% 3.88M 3m53s
 39150K .......... .......... .......... .......... .......... 19% 2.16M 3m53s
 39200K .......... .......... .......... .......... .......... 19%  884K 3m53s
 39250K .......... .......... .......... .......... .......... 19% 2.34M 3m53s
 39300K .......... .......... .......... .......... .......... 19% 3.14M 3m52s
 39350K .......... .......... .......... .......... .......... 19% 1.16M 3m52s
 39400K .......... .......... .......... .......... .......... 19% 1.79M 3m52s
 39450K .......... .......... .......... .......... .......... 19% 3.07M 3m52s
 39500K .......... .......... .......... .......... .......... 19% 4.35M 3m51s
 39550K .......... .......... .......... .......... .......... 20% 2.33M 3m51s
 39600K .......... .......... .......... .......... .......... 20% 2.56M 3m51s
 39650K .......... .......... .......... .......... .......... 20%  929K 3m50s
 39700K .......... .......... .......... .......... .......... 20% 2.52M 3m50s
 39750K .......... .......... .......... .......... .......... 20% 3.86M 3m50s
 39800K .......... .......... .......... .......... .......... 20% 1.19M 3m50s
 39850K .......... .......... .......... .......... .......... 20%  558K 3m50s
 39900K .......... .......... .......... .......... .......... 20% 1.16M 3m49s
 39950K .......... .......... .......... .......... .......... 20% 1.25M 3m49s
 40000K .......... .......... .......... .......... .......... 20%  874K 3m49s
 40050K .......... .......... .......... .......... .......... 20%  844K 3m49s
 40100K .......... .......... .......... .......... .......... 20% 1.43M 3m49s
 40150K .......... .......... .......... .......... .......... 20% 1.61M 3m49s
 40200K .......... .......... .......... .......... .......... 20%  308K 3m49s
 40250K .......... .......... .......... .......... .......... 20% 3.35M 3m49s
 40300K .......... .......... .......... .......... .......... 20% 3.75M 3m48s
 40350K .......... .......... .......... .......... .......... 20%  772K 3m48s
 40400K .......... .......... .......... .......... .......... 20% 2.20M 3m48s
 40450K .......... .......... .......... .......... .......... 20%  924K 3m48s
 40500K .......... .......... .......... .......... .......... 20% 3.31M 3m47s
 40550K .......... .......... .......... .......... .......... 20% 1.06M 3m47s
 40600K .......... .......... .......... .......... .......... 20% 1.19M 3m47s
 40650K .......... .......... .......... .......... .......... 20% 3.60M 3m47s
 40700K .......... .......... .......... .......... .......... 20% 2.69M 3m46s
 40750K .......... .......... .......... .......... .......... 20%  942K 3m46s
 40800K .......... .......... .......... .......... .......... 20% 3.36M 3m46s
 40850K .......... .......... .......... .......... .......... 20% 1.24M 3m46s
 40900K .......... .......... .......... .......... .......... 20% 1.05M 3m46s
 40950K .......... .......... .......... .......... .......... 20% 2.48M 3m45s
 41000K .......... .......... .......... .......... .......... 20% 4.03M 3m45s
 41050K .......... .......... .......... .......... .......... 20% 1.30M 3m45s
 41100K .......... .......... .......... .......... .......... 20% 1.62M 3m45s
 41150K .......... .......... .......... .......... .......... 20% 2.57M 3m44s
 41200K .......... .......... .......... .......... .......... 20%  854K 3m44s
 41250K .......... .......... .......... .......... .......... 20% 2.00M 3m44s
 41300K .......... .......... .......... .......... .......... 20% 1.83M 3m44s
 41350K .......... .......... .......... .......... .......... 20% 2.80M 3m44s
 41400K .......... .......... .......... .......... .......... 20% 1.98M 3m43s
 41450K .......... .......... .......... .......... .......... 20% 3.23M 3m43s
 41500K .......... .......... .......... .......... .......... 20% 2.43M 3m43s
 41550K .......... .......... .......... .......... .......... 21% 3.62M 3m42s
 41600K .......... .......... .......... .......... .......... 21% 1.91M 3m42s
 41650K .......... .......... .......... .......... .......... 21% 1.55M 3m42s
 41700K .......... .......... .......... .......... .......... 21% 3.39M 3m42s
 41750K .......... .......... .......... .......... .......... 21% 4.22M 3m41s
 41800K .......... .......... .......... .......... .......... 21% 3.76M 3m41s
 41850K .......... .......... .......... .......... .......... 21% 2.63M 3m41s
 41900K .......... .......... .......... .......... .......... 21% 3.32M 3m41s
 41950K .......... .......... .......... .......... .......... 21%  599K 3m41s
 42000K .......... .......... .......... .......... .......... 21% 2.47M 3m40s
 42050K .......... .......... .......... .......... .......... 21% 1.18M 3m40s
 42100K .......... .......... .......... .......... .......... 21% 2.22M 3m40s
 42150K .......... .......... .......... .......... .......... 21% 3.81M 3m40s
 42200K .......... .......... .......... .......... .......... 21%  107K 3m41s
 42250K .......... .......... .......... .......... .......... 21% 3.14M 3m41s
 42300K .......... .......... .......... .......... .......... 21% 3.37M 3m40s
 42350K .......... .......... .......... .......... .......... 21% 2.77M 3m40s
 42400K .......... .......... .......... .......... .......... 21% 2.74M 3m40s
 42450K .......... .......... .......... .......... .......... 21% 2.18M 3m40s
 42500K .......... .......... .......... .......... .......... 21% 3.11M 3m39s
 42550K .......... .......... .......... .......... .......... 21% 2.34M 3m39s
 42600K .......... .......... .......... .......... .......... 21% 1.88M 3m39s
 42650K .......... .......... .......... .......... .......... 21% 2.29M 3m39s
 42700K .......... .......... .......... .......... .......... 21% 2.03M 3m38s
 42750K .......... .......... .......... .......... .......... 21% 2.95M 3m38s
 42800K .......... .......... .......... .......... .......... 21% 3.06M 3m38s
 42850K .......... .......... .......... .......... .......... 21% 2.66M 3m38s
 42900K .......... .......... .......... .......... .......... 21% 3.66M 3m37s
 42950K .......... .......... .......... .......... .......... 21% 2.94M 3m37s
 43000K .......... .......... .......... .......... .......... 21% 3.42M 3m37s
 43050K .......... .......... .......... .......... .......... 21% 3.11M 3m37s
 43100K .......... .......... .......... .......... .......... 21% 2.79M 3m36s
 43150K .......... .......... .......... .......... .......... 21% 3.24M 3m36s
 43200K .......... .......... .......... .......... .......... 21% 3.20M 3m36s
 43250K .......... .......... .......... .......... .......... 21% 3.62M 3m35s
 43300K .......... .......... .......... .......... .......... 21% 3.53M 3m35s
 43350K .......... .......... .......... .......... .......... 21% 2.94M 3m35s
 43400K .......... .......... .......... .......... .......... 21% 3.27M 3m35s
 43450K .......... .......... .......... .......... .......... 21% 2.86M 3m34s
 43500K .......... .......... .......... .......... .......... 21% 3.35M 3m34s
 43550K .......... .......... .......... .......... .......... 22% 3.27M 3m34s
 43600K .......... .......... .......... .......... .......... 22% 2.88M 3m34s
 43650K .......... .......... .......... .......... .......... 22% 3.69M 3m33s
 43700K .......... .......... .......... .......... .......... 22% 2.70M 3m33s
 43750K .......... .......... .......... .......... .......... 22% 2.30M 3m33s
 43800K .......... .......... .......... .......... .......... 22% 2.29M 3m33s
 43850K .......... .......... .......... .......... .......... 22% 2.10M 3m32s
 43900K .......... .......... .......... .......... .......... 22% 1.08M 3m32s
 43950K .......... .......... .......... .......... .......... 22% 1.46M 3m32s
 44000K .......... .......... .......... .......... .......... 22% 2.55M 3m32s
 44050K .......... .......... .......... .......... .......... 22% 1.23M 3m32s
 44100K .......... .......... .......... .......... .......... 22%  993K 3m32s
 44150K .......... .......... .......... .......... .......... 22%  577K 3m32s
 44200K .......... .......... .......... .......... .......... 22% 2.31M 3m31s
 44250K .......... .......... .......... .......... .......... 22% 1.05M 3m31s
 44300K .......... .......... .......... .......... .......... 22% 3.44M 3m31s
 44350K .......... .......... .......... .......... .......... 22% 3.23M 3m31s
 44400K .......... .......... .......... .......... .......... 22% 3.90M 3m30s
 44450K .......... .......... .......... .......... .......... 22%  454K 3m30s
 44500K .......... .......... .......... .......... .......... 22% 2.95M 3m30s
 44550K .......... .......... .......... .......... .......... 22%  441K 3m30s
 44600K .......... .......... .......... .......... .......... 22%  615K 3m30s
 44650K .......... .......... .......... .......... .......... 22%  479K 3m30s
 44700K .......... .......... .......... .......... .......... 22%  679K 3m30s
 44750K .......... .......... .......... .......... .......... 22%  377K 3m30s
 44800K .......... .......... .......... .......... .......... 22%  688K 3m30s
 44850K .......... .......... .......... .......... .......... 22%  391K 3m30s
 44900K .......... .......... .......... .......... .......... 22% 4.11M 3m30s
 44950K .......... .......... .......... .......... .......... 22%  632K 3m30s
 45000K .......... .......... .......... .......... .......... 22% 2.36M 3m30s
 45050K .......... .......... .......... .......... .......... 22% 3.57M 3m30s
 45100K .......... .......... .......... .......... .......... 22% 1.96M 3m29s
 45150K .......... .......... .......... .......... .......... 22% 3.77M 3m29s
 45200K .......... .......... .......... .......... .......... 22% 1.38M 3m29s
 45250K .......... .......... .......... .......... .......... 22%  648K 3m29s
 45300K .......... .......... .......... .......... .......... 22% 2.96M 3m29s
 45350K .......... .......... .......... .......... .......... 22% 2.84M 3m29s
 45400K .......... .......... .......... .......... .......... 22% 2.71M 3m28s
 45450K .......... .......... .......... .......... .......... 22% 1.66M 3m28s
 45500K .......... .......... .......... .......... .......... 23%  670K 3m28s
 45550K .......... .......... .......... .......... .......... 23% 2.11M 3m28s
 45600K .......... .......... .......... .......... .......... 23%  863K 3m28s
 45650K .......... .......... .......... .......... .......... 23% 3.42M 3m27s
 45700K .......... .......... .......... .......... .......... 23% 1.21M 3m27s
 45750K .......... .......... .......... .......... .......... 23% 3.86M 3m27s
 45800K .......... .......... .......... .......... .......... 23% 3.76M 3m27s
 45850K .......... .......... .......... .......... .......... 23% 3.74M 3m27s
 45900K .......... .......... .......... .......... .......... 23% 4.30M 3m26s
 45950K .......... .......... .......... .......... .......... 23% 3.39M 3m26s
 46000K .......... .......... .......... .......... .......... 23% 1.41M 3m26s
 46050K .......... .......... .......... .......... .......... 23% 1.75M 3m26s
 46100K .......... .......... .......... .......... .......... 23% 2.31M 3m25s
 46150K .......... .......... .......... .......... .......... 23% 1.12M 3m25s
 46200K .......... .......... .......... .......... .......... 23%  704K 3m25s
 46250K .......... .......... .......... .......... .......... 23%  864K 3m25s
 46300K .......... .......... .......... .......... .......... 23% 2.02M 3m25s
 46350K .......... .......... .......... .......... .......... 23% 2.04M 3m25s
 46400K .......... .......... .......... .......... .......... 23% 3.80M 3m24s
 46450K .......... .......... .......... .......... .......... 23%  645K 3m24s
 46500K .......... .......... .......... .......... .......... 23% 1.13M 3m24s
 46550K .......... .......... .......... .......... .......... 23% 2.90M 3m24s
 46600K .......... .......... .......... .......... .......... 23% 1.89M 3m24s
 46650K .......... .......... .......... .......... .......... 23%  825K 3m24s
 46700K .......... .......... .......... .......... .......... 23% 1.26M 3m24s
 46750K .......... .......... .......... .......... .......... 23% 4.16M 3m23s
 46800K .......... .......... .......... .......... .......... 23% 3.50M 3m23s
 46850K .......... .......... .......... .......... .......... 23%  506K 3m23s
 46900K .......... .......... .......... .......... .......... 23% 3.27M 3m23s
 46950K .......... .......... .......... .......... .......... 23% 1.35M 3m23s
 47000K .......... .......... .......... .......... .......... 23%  564K 3m23s
 47050K .......... .......... .......... .......... .......... 23% 1.45M 3m23s
 47100K .......... .......... .......... .......... .......... 23%  768K 3m23s
 47150K .......... .......... .......... .......... .......... 23%  516K 3m23s
 47200K .......... .......... .......... .......... .......... 23%  278K 3m23s
 47250K .......... .......... .......... .......... .......... 23%  357K 3m23s
 47300K .......... .......... .......... .......... .......... 23%  816K 3m23s
 47350K .......... .......... .......... .......... .......... 23% 2.61M 3m23s
 47400K .......... .......... .......... .......... .......... 23% 2.10M 3m22s
 47450K .......... .......... .......... .......... .......... 23%  721K 3m22s
 47500K .......... .......... .......... .......... .......... 24%  800K 3m22s
 47550K .......... .......... .......... .......... .......... 24% 3.27M 3m22s
 47600K .......... .......... .......... .......... .......... 24% 2.22M 3m22s
 47650K .......... .......... .......... .......... .......... 24% 3.89M 3m22s
 47700K .......... .......... .......... .......... .......... 24%  647K 3m22s
 47750K .......... .......... .......... .......... .......... 24% 1.92M 3m21s
 47800K .......... .......... .......... .......... .......... 24%  267K 3m22s
 47850K .......... .......... .......... .......... .......... 24%  594K 3m22s
 47900K .......... .......... .......... .......... .......... 24% 1.87M 3m22s
 47950K .......... .......... .......... .......... .......... 24% 1.29M 3m21s
 48000K .......... .......... .......... .......... .......... 24% 2.31M 3m21s
 48050K .......... .......... .......... .......... .......... 24% 1.14M 3m21s
 48100K .......... .......... .......... .......... .......... 24% 3.74M 3m21s
 48150K .......... .......... .......... .......... .......... 24% 1.37M 3m21s
 48200K .......... .......... .......... .......... .......... 24%  837K 3m21s
 48250K .......... .......... .......... .......... .......... 24% 1.93M 3m20s
 48300K .......... .......... .......... .......... .......... 24% 1.28M 3m20s
 48350K .......... .......... .......... .......... .......... 24% 3.87M 3m20s
 48400K .......... .......... .......... .......... .......... 24% 4.40M 3m20s
 48450K .......... .......... .......... .......... .......... 24% 2.97M 3m19s
 48500K .......... .......... .......... .......... .......... 24%  217K 3m20s
 48550K .......... .......... .......... .......... .......... 24% 1.47M 3m20s
 48600K .......... .......... .......... .......... .......... 24% 2.15M 3m20s
 48650K .......... .......... .......... .......... .......... 24%  812K 3m19s
 48700K .......... .......... .......... .......... .......... 24% 1.35M 3m19s
 48750K .......... .......... .......... .......... .......... 24% 3.00M 3m19s
 48800K .......... .......... .......... .......... .......... 24% 1.19M 3m19s
 48850K .......... .......... .......... .......... .......... 24% 1.26M 3m19s
 48900K .......... .......... .......... .......... .......... 24% 4.26M 3m19s
 48950K .......... .......... .......... .......... .......... 24%  924K 3m18s
 49000K .......... .......... .......... .......... .......... 24% 3.89M 3m18s
 49050K .......... .......... .......... .......... .......... 24% 2.49M 3m18s
 49100K .......... .......... .......... .......... .......... 24% 2.45M 3m18s
 49150K .......... .......... .......... .......... .......... 24%  710K 3m18s
 49200K .......... .......... .......... .......... .......... 24% 1.03M 3m18s
 49250K .......... .......... .......... .......... .......... 24% 1.57M 3m17s
 49300K .......... .......... .......... .......... .......... 24% 3.36M 3m17s
 49350K .......... .......... .......... .......... .......... 24% 3.26M 3m17s
 49400K .......... .......... .......... .......... .......... 24% 1.43M 3m17s
 49450K .......... .......... .......... .......... .......... 25% 3.22M 3m17s
 49500K .......... .......... .......... .......... .......... 25% 1.45M 3m16s
 49550K .......... .......... .......... .......... .......... 25% 3.14M 3m16s
 49600K .......... .......... .......... .......... .......... 25% 1.44M 3m16s
 49650K .......... .......... .......... .......... .......... 25%  250K 3m16s
 49700K .......... .......... .......... .......... .......... 25% 3.46M 3m16s
 49750K .......... .......... .......... .......... .......... 25% 4.27M 3m16s
 49800K .......... .......... .......... .......... .......... 25% 4.50M 3m16s
 49850K .......... .......... .......... .......... .......... 25% 2.47M 3m16s
 49900K .......... .......... .......... .......... .......... 25%  878K 3m15s
 49950K .......... .......... .......... .......... .......... 25%  194K 3m16s
 50000K .......... .......... .......... .......... .......... 25% 2.60M 3m16s
 50050K .......... .......... .......... .......... .......... 25% 3.23M 3m16s
 50100K .......... .......... .......... .......... .......... 25% 3.38M 3m15s
 50150K .......... .......... .......... .......... .......... 25% 3.85M 3m15s
 50200K .......... .......... .......... .......... .......... 25% 1.54M 3m15s
 50250K .......... .......... .......... .......... .......... 25%  586K 3m15s
 50300K .......... .......... .......... .......... .......... 25% 1.14M 3m15s
 50350K .......... .......... .......... .......... .......... 25% 85.3K 3m16s
 50400K .......... .......... .......... .......... .......... 25% 2.49M 3m16s
 50450K .......... .......... .......... .......... .......... 25% 2.08M 3m16s
 50500K .......... .......... .......... .......... .......... 25% 2.19M 3m16s
 50550K .......... .......... .......... .......... .......... 25% 2.53M 3m15s
 50600K .......... .......... .......... .......... .......... 25% 2.67M 3m15s
 50650K .......... .......... .......... .......... .......... 25% 3.05M 3m15s
 50700K .......... .......... .......... .......... .......... 25% 2.71M 3m15s
 50750K .......... .......... .......... .......... .......... 25% 3.04M 3m15s
 50800K .......... .......... .......... .......... .......... 25% 2.95M 3m14s
 50850K .......... .......... .......... .......... .......... 25% 3.14M 3m14s
 50900K .......... .......... .......... .......... .......... 25% 3.03M 3m14s
 50950K .......... .......... .......... .......... .......... 25%  485K 3m14s
 51000K .......... .......... .......... .......... .......... 25%  210K 3m14s
 51050K .......... .......... .......... .......... .......... 25% 2.49M 3m14s
 51100K .......... .......... .......... .......... .......... 25% 3.50M 3m14s
 51150K .......... .......... .......... .......... .......... 25% 1.09M 3m14s
 51200K .......... .......... .......... .......... .......... 25% 2.06M 3m14s
 51250K .......... .......... .......... .......... .......... 25% 1.19M 3m14s
 51300K .......... .......... .......... .......... .......... 25%  664K 3m14s
 51350K .......... .......... .......... .......... .......... 25% 2.99M 3m13s
 51400K .......... .......... .......... .......... .......... 25% 3.56M 3m13s
 51450K .......... .......... .......... .......... .......... 26% 3.42M 3m13s
 51500K .......... .......... .......... .......... .......... 26% 1.71M 3m13s
 51550K .......... .......... .......... .......... .......... 26% 2.12M 3m13s
 51600K .......... .......... .......... .......... .......... 26% 2.49M 3m12s
 51650K .......... .......... .......... .......... .......... 26% 3.06M 3m12s
 51700K .......... .......... .......... .......... .......... 26%  248K 3m12s
 51750K .......... .......... .......... .......... .......... 26% 2.30M 3m12s
 51800K .......... .......... .......... .......... .......... 26% 1.79M 3m12s
 51850K .......... .......... .......... .......... .......... 26% 2.33M 3m12s
 51900K .......... .......... .......... .......... .......... 26% 3.22M 3m12s
 51950K .......... .......... .......... .......... .......... 26% 2.85M 3m11s
 52000K .......... .......... .......... .......... .......... 26%  586K 3m11s
 52050K .......... .......... .......... .......... .......... 26% 3.59M 3m11s
 52100K .......... .......... .......... .......... .......... 26% 3.31M 3m11s
 52150K .......... .......... .......... .......... .......... 26% 2.86M 3m11s
 52200K .......... .......... .......... .......... .......... 26% 2.95M 3m11s
 52250K .......... .......... .......... .......... .......... 26% 2.35M 3m10s
 52300K .......... .......... .......... .......... .......... 26% 3.49M 3m10s
 52350K .......... .......... .......... .......... .......... 26%  933K 3m10s
 52400K .......... .......... .......... .......... .......... 26%  108K 3m11s
 52450K .......... .......... .......... .......... .......... 26% 3.27M 3m11s
 52500K .......... .......... .......... .......... .......... 26%  897K 3m11s
 52550K .......... .......... .......... .......... .......... 26%  360K 3m11s
 52600K .......... .......... .......... .......... .......... 26% 1.43M 3m11s
 52650K .......... .......... .......... .......... .......... 26% 19.0K 3m18s
 52700K .......... .......... .......... .......... .......... 26%  101K 3m19s
 52750K .......... .......... .......... .......... .......... 26%  148K 3m20s
 52800K .......... .......... .......... .......... .......... 26%  120K 3m21s
 52850K .......... .......... .......... .......... .......... 26%  322K 3m21s
 52900K .......... .......... .......... .......... .......... 26% 3.24M 3m21s
 52950K .......... .......... .......... .......... .......... 26% 3.04M 3m20s
 53000K .......... .......... .......... .......... .......... 26% 3.58M 3m20s
 53050K .......... .......... .......... .......... .......... 26% 2.93M 3m20s
 53100K .......... .......... .......... .......... .......... 26% 3.07M 3m20s
 53150K .......... .......... .......... .......... .......... 26% 3.40M 3m19s
 53200K .......... .......... .......... .......... .......... 26% 2.79M 3m19s
 53250K .......... .......... .......... .......... .......... 26% 3.47M 3m19s
 53300K .......... .......... .......... .......... .......... 26% 3.28M 3m19s
 53350K .......... .......... .......... .......... .......... 26%  437K 3m19s
 53400K .......... .......... .......... .......... .......... 26% 43.9K 3m22s
 53450K .......... .......... .......... .......... .......... 27% 1.10M 3m22s
 53500K .......... .......... .......... .......... .......... 27% 2.30M 3m21s
 53550K .......... .......... .......... .......... .......... 27% 1.32M 3m21s
 53600K .......... .......... .......... .......... .......... 27%  936K 3m21s
 53650K .......... .......... .......... .......... .......... 27% 3.09M 3m21s
 53700K .......... .......... .......... .......... .......... 27% 1.16M 3m21s
 53750K .......... .......... .......... .......... .......... 27% 2.14M 3m21s
 53800K .......... .......... .......... .......... .......... 27% 3.72M 3m20s
 53850K .......... .......... .......... .......... .......... 27%  637K 3m20s
 53900K .......... .......... .......... .......... .......... 27% 93.0K 3m21s
 53950K .......... .......... .......... .......... .......... 27% 2.37M 3m21s
 54000K .......... .......... .......... .......... .......... 27% 2.73M 3m21s
 54050K .......... .......... .......... .......... .......... 27% 1.77M 3m21s
 54100K .......... .......... .......... .......... .......... 27% 1.63M 3m21s
 54150K .......... .......... .......... .......... .......... 27%  323K 3m21s
 54200K .......... .......... .......... .......... .......... 27% 2.27M 3m21s
 54250K .......... .......... .......... .......... .......... 27% 2.15M 3m20s
 54300K .......... .......... .......... .......... .......... 27% 2.13M 3m20s
 54350K .......... .......... .......... .......... .......... 27% 1.51M 3m20s
 54400K .......... .......... .......... .......... .......... 27%  889K 3m20s
 54450K .......... .......... .......... .......... .......... 27% 28.6K 3m24s
 54500K .......... .......... .......... .......... .......... 27% 1.30M 3m24s
 54550K .......... .......... .......... .......... .......... 27% 1.20M 3m24s
 54600K .......... .......... .......... .......... .......... 27% 3.30M 3m24s
 54650K .......... .......... .......... .......... .......... 27%  593K 3m24s
 54700K .......... .......... .......... .......... .......... 27%  117K 3m25s
 54750K .......... .......... .......... .......... .......... 27%  614K 3m25s
 54800K .......... .......... .......... .......... .......... 27% 1.23M 3m24s
 54850K .......... .......... .......... .......... .......... 27%  353K 3m25s
 54900K .......... .......... .......... .......... .......... 27% 1.60M 3m24s
 54950K .......... .......... .......... .......... .......... 27% 1.88M 3m24s
 55000K .......... .......... .......... .......... .......... 27% 3.06M 3m24s
 55050K .......... .......... .......... .......... .......... 27% 3.29M 3m24s
 55100K .......... .......... .......... .......... .......... 27% 2.78M 3m24s
 55150K .......... .......... .......... .......... .......... 27% 3.08M 3m23s
 55200K .......... .......... .......... .......... .......... 27% 2.65M 3m23s
 55250K .......... .......... .......... .......... .......... 27%  439K 3m23s
 55300K .......... .......... .......... .......... .......... 27% 1.26M 3m23s
 55350K .......... .......... .......... .......... .......... 27%  500K 3m23s
 55400K .......... .......... .......... .......... .......... 28%  934K 3m23s
 55450K .......... .......... .......... .......... .......... 28% 2.51M 3m23s
 55500K .......... .......... .......... .......... .......... 28% 2.65M 3m22s
 55550K .......... .......... .......... .......... .......... 28% 2.87M 3m22s
 55600K .......... .......... .......... .......... .......... 28% 2.49M 3m22s
 55650K .......... .......... .......... .......... .......... 28% 2.50M 3m22s
 55700K .......... .......... .......... .......... .......... 28%  570K 3m22s
 55750K .......... .......... .......... .......... .......... 28% 3.04M 3m22s
 55800K .......... .......... .......... .......... .......... 28% 3.68M 3m21s
 55850K .......... .......... .......... .......... .......... 28% 3.40M 3m21s
 55900K .......... .......... .......... .......... .......... 28% 1.25M 3m21s
 55950K .......... .......... .......... .......... .......... 28%  835K 3m21s
 56000K .......... .......... .......... .......... .......... 28% 1015K 3m21s
 56050K .......... .......... .......... .......... .......... 28% 3.43M 3m21s
 56100K .......... .......... .......... .......... .......... 28%  438K 3m21s
 56150K .......... .......... .......... .......... .......... 28% 3.19M 3m20s
 56200K .......... .......... .......... .......... .......... 28% 3.10M 3m20s
 56250K .......... .......... .......... .......... .......... 28% 3.15M 3m20s
 56300K .......... .......... .......... .......... .......... 28%  376K 3m20s
 56350K .......... .......... .......... .......... .......... 28% 1.59M 3m20s
 56400K .......... .......... .......... .......... .......... 28% 2.70M 3m20s
 56450K .......... .......... .......... .......... .......... 28% 2.62M 3m20s
 56500K .......... .......... .......... .......... .......... 28% 3.21M 3m19s
 56550K .......... .......... .......... .......... .......... 28% 3.04M 3m19s
 56600K .......... .......... .......... .......... .......... 28% 2.71M 3m19s
 56650K .......... .......... .......... .......... .......... 28%  224K 3m19s
 56700K .......... .......... .......... .......... .......... 28% 1.93M 3m19s
 56750K .......... .......... .......... .......... .......... 28% 2.63M 3m19s
 56800K .......... .......... .......... .......... .......... 28% 3.38M 3m19s
 56850K .......... .......... .......... .......... .......... 28% 3.03M 3m18s
 56900K .......... .......... .......... .......... .......... 28% 3.08M 3m18s
 56950K .......... .......... .......... .......... .......... 28%  429K 3m18s
 57000K .......... .......... .......... .......... .......... 28% 2.62M 3m18s
 57050K .......... .......... .......... .......... .......... 28% 3.79M 3m18s
 57100K .......... .......... .......... .......... .......... 28% 3.42M 3m18s
 57150K .......... .......... .......... .......... .......... 28% 4.05M 3m17s
 57200K .......... .......... .......... .......... .......... 28%  670K 3m17s
 57250K .......... .......... .......... .......... .......... 28% 2.42M 3m17s
 57300K .......... .......... .......... .......... .......... 28%  143K 3m18s
 57350K .......... .......... .......... .......... .......... 28% 3.01M 3m18s
 57400K .......... .......... .......... .......... .......... 29% 3.96M 3m17s
 57450K .......... .......... .......... .......... .......... 29% 3.23M 3m17s
 57500K .......... .......... .......... .......... .......... 29% 4.20M 3m17s
 57550K .......... .......... .......... .......... .......... 29% 3.21M 3m17s
 57600K .......... .......... .......... .......... .......... 29% 1.28M 3m17s
 57650K .......... .......... .......... .......... .......... 29%  306K 3m17s
 57700K .......... .......... .......... .......... .......... 29% 1.24M 3m17s
 57750K .......... .......... .......... .......... .......... 29% 3.48M 3m16s
 57800K .......... .......... .......... .......... .......... 29% 3.86M 3m16s
 57850K .......... .......... .......... .......... .......... 29% 3.02M 3m16s
 57900K .......... .......... .......... .......... .......... 29% 4.24M 3m16s
 57950K .......... .......... .......... .......... .......... 29% 3.29M 3m16s
 58000K .......... .......... .......... .......... .......... 29%  290K 3m16s
 58050K .......... .......... .......... .......... .......... 29% 1.19M 3m16s
 58100K .......... .......... .......... .......... .......... 29% 2.58M 3m15s
 58150K .......... .......... .......... .......... .......... 29% 3.51M 3m15s
 58200K .......... .......... .......... .......... .......... 29% 1.97M 3m15s
 58250K .......... .......... .......... .......... .......... 29% 1015K 3m15s
 58300K .......... .......... .......... .......... .......... 29% 1.61M 3m15s
 58350K .......... .......... .......... .......... .......... 29% 1.94M 3m15s
 58400K .......... .......... .......... .......... .......... 29%  175K 3m15s
 58450K .......... .......... .......... .......... .......... 29% 3.02M 3m15s
 58500K .......... .......... .......... .......... .......... 29% 3.53M 3m15s
 58550K .......... .......... .......... .......... .......... 29% 3.23M 3m14s
 58600K .......... .......... .......... .......... .......... 29%  618K 3m14s
 58650K .......... .......... .......... .......... .......... 29% 2.13M 3m14s
 58700K .......... .......... .......... .......... .......... 29% 1.19M 3m14s
 58750K .......... .......... .......... .......... .......... 29%  149K 3m15s
 58800K .......... .......... .......... .......... .......... 29% 1.91M 3m14s
 58850K .......... .......... .......... .......... .......... 29% 1.82M 3m14s
 58900K .......... .......... .......... .......... .......... 29% 1.98M 3m14s
 58950K .......... .......... .......... .......... .......... 29% 1.40M 3m14s
 59000K .......... .......... .......... .......... .......... 29% 1.14M 3m14s
 59050K .......... .......... .......... .......... .......... 29% 1.47M 3m14s
 59100K .......... .......... .......... .......... .......... 29%  192K 3m14s
 59150K .......... .......... .......... .......... .......... 29% 2.78M 3m14s
 59200K .......... .......... .......... .......... .......... 29%  366K 3m14s
 59250K .......... .......... .......... .......... .......... 29% 1.25M 3m14s
 59300K .......... .......... .......... .......... .......... 29% 1.76M 3m14s
 59350K .......... .......... .......... .......... .......... 30%  222K 3m14s
 59400K .......... .......... .......... .......... .......... 30% 2.27M 3m14s
 59450K .......... .......... .......... .......... .......... 30% 1.27M 3m14s
 59500K .......... .......... .......... .......... .......... 30%  655K 3m14s
 59550K .......... .......... .......... .......... .......... 30% 2.83M 3m13s
 59600K .......... .......... .......... .......... .......... 30%  372K 3m13s
 59650K .......... .......... .......... .......... .......... 30% 2.10M 3m13s
 59700K .......... .......... .......... .......... .......... 30% 2.59M 3m13s
 59750K .......... .......... .......... .......... .......... 30% 2.93M 3m13s
 59800K .......... .......... .......... .......... .......... 30% 3.05M 3m13s
 59850K .......... .......... .......... .......... .......... 30%  227K 3m13s
 59900K .......... .......... .......... .......... .......... 30% 3.20M 3m13s
 59950K .......... .......... .......... .......... .......... 30% 1.73M 3m13s
 60000K .......... .......... .......... .......... .......... 30% 3.12M 3m12s
 60050K .......... .......... .......... .......... .......... 30% 3.23M 3m12s
 60100K .......... .......... .......... .......... .......... 30% 3.16M 3m12s
 60150K .......... .......... .......... .......... .......... 30% 3.03M 3m12s
 60200K .......... .......... .......... .......... .......... 30%  219K 3m12s
 60250K .......... .......... .......... .......... .......... 30% 2.52M 3m12s
 60300K .......... .......... .......... .......... .......... 30% 3.83M 3m12s
 60350K .......... .......... .......... .......... .......... 30% 3.47M 3m12s
 60400K .......... .......... .......... .......... .......... 30% 2.06M 3m11s
 60450K .......... .......... .......... .......... .......... 30% 2.79M 3m11s
 60500K .......... .......... .......... .......... .......... 30% 3.47M 3m11s
 60550K .......... .......... .......... .......... .......... 30% 3.41M 3m11s
 60600K .......... .......... .......... .......... .......... 30%  263K 3m11s
 60650K .......... .......... .......... .......... .......... 30% 2.51M 3m11s
 60700K .......... .......... .......... .......... .......... 30% 1.64M 3m11s
 60750K .......... .......... .......... .......... .......... 30% 2.15M 3m10s
 60800K .......... .......... .......... .......... .......... 30% 2.26M 3m10s
 60850K .......... .......... .......... .......... .......... 30% 2.13M 3m10s
 60900K .......... .......... .......... .......... .......... 30% 2.48M 3m10s
 60950K .......... .......... .......... .......... .......... 30%  320K 3m10s
 61000K .......... .......... .......... .......... .......... 30% 1.75M 3m10s
 61050K .......... .......... .......... .......... .......... 30% 1.42M 3m10s
 61100K .......... .......... .......... .......... .......... 30% 1.21M 3m10s
 61150K .......... .......... .......... .......... .......... 30%  978K 3m9s
 61200K .......... .......... .......... .......... .......... 30% 1.50M 3m9s
 61250K .......... .......... .......... .......... .......... 30% 3.15M 3m9s
 61300K .......... .......... .......... .......... .......... 30%  334K 3m9s
 61350K .......... .......... .......... .......... .......... 31%  914K 3m9s
 61400K .......... .......... .......... .......... .......... 31% 1.81M 3m9s
 61450K .......... .......... .......... .......... .......... 31% 2.94M 3m9s
 61500K .......... .......... .......... .......... .......... 31% 1.45M 3m9s
 61550K .......... .......... .......... .......... .......... 31% 2.15M 3m8s
 61600K .......... .......... .......... .......... .......... 31% 2.13M 3m8s
 61650K .......... .......... .......... .......... .......... 31% 2.29M 3m8s
 61700K .......... .......... .......... .......... .......... 31%  119K 3m9s
 61750K .......... .......... .......... .......... .......... 31% 1.41M 3m9s
 61800K .......... .......... .......... .......... .......... 31% 2.75M 3m9s
 61850K .......... .......... .......... .......... .......... 31%  200K 3m9s
 61900K .......... .......... .......... .......... .......... 31%  342K 3m9s
 61950K .......... .......... .......... .......... .......... 31% 2.38M 3m9s
 62000K .......... .......... .......... .......... .......... 31% 3.19M 3m9s
 62050K .......... .......... .......... .......... .......... 31%  114K 3m9s
 62100K .......... .......... .......... .......... .......... 31%  464K 3m9s
 62150K .......... .......... .......... .......... .......... 31% 1.06M 3m9s
 62200K .......... .......... .......... .......... .......... 31%  713K 3m9s
 62250K .......... .......... .......... .......... .......... 31%  623K 3m9s
 62300K .......... .......... .......... .......... .......... 31% 2.80M 3m9s
 62350K .......... .......... .......... .......... .......... 31% 1.61M 3m9s
 62400K .......... .......... .......... .......... .......... 31% 2.64M 3m9s
 62450K .......... .......... .......... .......... .......... 31% 65.7K 3m10s
 62500K .......... .......... .......... .......... .......... 31%  882K 3m10s
 62550K .......... .......... .......... .......... .......... 31% 1.61M 3m10s
 62600K .......... .......... .......... .......... .......... 31%  481K 3m10s
 62650K .......... .......... .......... .......... .......... 31% 2.69M 3m10s
 62700K .......... .......... .......... .......... .......... 31% 2.59M 3m9s
 62750K .......... .......... .......... .......... .......... 31%  202K 3m10s
 62800K .......... .......... .......... .......... .......... 31% 2.50M 3m10s
 62850K .......... .......... .......... .......... .......... 31% 89.4K 3m11s
 62900K .......... .......... .......... .......... .......... 31% 1.28M 3m10s
 62950K .......... .......... .......... .......... .......... 31% 2.22M 3m10s
 63000K .......... .......... .......... .......... .......... 31%  242K 3m10s
 63050K .......... .......... .......... .......... .......... 31% 3.02M 3m10s
 63100K .......... .......... .......... .......... .......... 31% 1.10M 3m10s
 63150K .......... .......... .......... .......... .......... 31% 2.17M 3m10s
 63200K .......... .......... .......... .......... .......... 31%  167K 3m10s
 63250K .......... .......... .......... .......... .......... 31%  168K 3m11s
 63300K .......... .......... .......... .......... .......... 31%  243K 3m11s
 63350K .......... .......... .......... .......... .......... 32% 1.51M 3m11s
 63400K .......... .......... .......... .......... .......... 32% 2.56M 3m11s
 63450K .......... .......... .......... .......... .......... 32% 1.93M 3m10s
 63500K .......... .......... .......... .......... .......... 32% 1.09M 3m10s
 63550K .......... .......... .......... .......... .......... 32% 2.70M 3m10s
 63600K .......... .......... .......... .......... .......... 32% 2.47M 3m10s
 63650K .......... .......... .......... .......... .......... 32%  266K 3m10s
 63700K .......... .......... .......... .......... .......... 32% 1.77M 3m10s
 63750K .......... .......... .......... .......... .......... 32% 73.1K 3m11s
 63800K .......... .......... .......... .......... .......... 32% 1.06M 3m11s
 63850K .......... .......... .......... .......... .......... 32%  965K 3m11s
 63900K .......... .......... .......... .......... .......... 32% 25.2K 3m15s
 63950K .......... .......... .......... .......... .......... 32% 63.7K 3m16s
 64000K .......... .......... .......... .......... .......... 32% 4.39M 3m16s
 64050K .......... .......... .......... .......... .......... 32% 5.64M 3m16s
 64100K .......... .......... .......... .......... .......... 32% 4.49M 3m16s
 64150K .......... .......... .......... .......... .......... 32% 2.87M 3m16s
 64200K .......... .......... .......... .......... .......... 32% 2.61M 3m15s
 64250K .......... .......... .......... .......... .......... 32% 3.41M 3m15s
 64300K .......... .......... .......... .......... .......... 32% 2.98M 3m15s
 64350K .......... .......... .......... .......... .......... 32% 2.69M 3m15s
 64400K .......... .......... .......... .......... .......... 32% 1.85M 3m15s
 64450K .......... .......... .......... .......... .......... 32% 2.66M 3m14s
 64500K .......... .......... .......... .......... .......... 32% 3.77M 3m14s
 64550K .......... .......... .......... .......... .......... 32% 2.95M 3m14s
 64600K .......... .......... .......... .......... .......... 32% 2.58M 3m14s
 64650K .......... .......... .......... .......... .......... 32% 3.41M 3m14s
 64700K .......... .......... .......... .......... .......... 32% 2.32M 3m13s
 64750K .......... .......... .......... .......... .......... 32% 3.18M 3m13s
 64800K .......... .......... .......... .......... .......... 32% 3.08M 3m13s
 64850K .......... .......... .......... .......... .......... 32% 2.80M 3m13s
 64900K .......... .......... .......... .......... .......... 32% 3.35M 3m13s
 64950K .......... .......... .......... .......... .......... 32% 2.70M 3m13s
 65000K .......... .......... .......... .......... .......... 32% 2.98M 3m12s
 65050K .......... .......... .......... .......... .......... 32% 3.66M 3m12s
 65100K .......... .......... .......... .......... .......... 32% 3.57M 3m12s
 65150K .......... .......... .......... .......... .......... 32% 3.16M 3m12s
 65200K .......... .......... .......... .......... .......... 32% 2.75M 3m12s
 65250K .......... .......... .......... .......... .......... 32% 3.62M 3m11s
 65300K .......... .......... .......... .......... .......... 33% 2.72M 3m11s
 65350K .......... .......... .......... .......... .......... 33% 2.54M 3m11s
 65400K .......... .......... .......... .......... .......... 33%  132K 3m12s
 65450K .......... .......... .......... .......... .......... 33%  705K 3m12s
 65500K .......... .......... .......... .......... .......... 33%  126K 3m12s
 65550K .......... .......... .......... .......... .......... 33%  352K 3m12s
 65600K .......... .......... .......... .......... .......... 33%  147K 3m13s
 65650K .......... .......... .......... .......... .......... 33%  441K 3m13s
 65700K .......... .......... .......... .......... .......... 33% 89.1K 3m14s
 65750K .......... .......... .......... .......... .......... 33% 1.21M 3m13s
 65800K .......... .......... .......... .......... .......... 33% 1.34M 3m13s
 65850K .......... .......... .......... .......... .......... 33% 1.06M 3m13s
 65900K .......... .......... .......... .......... .......... 33%  828K 3m13s
 65950K .......... .......... .......... .......... .......... 33% 1.54M 3m13s
 66000K .......... .......... .......... .......... .......... 33% 1.97M 3m13s
 66050K .......... .......... .......... .......... .......... 33% 1.90M 3m13s
 66100K .......... .......... .......... .......... .......... 33%  963K 3m12s
 66150K .......... .......... .......... .......... .......... 33%  584K 3m12s
 66200K .......... .......... .......... .......... .......... 33% 1.80M 3m12s
 66250K .......... .......... .......... .......... .......... 33% 73.9K 3m13s
 66300K .......... .......... .......... .......... .......... 33% 2.44M 3m13s
 66350K .......... .......... .......... .......... .......... 33% 2.28M 3m13s
 66400K .......... .......... .......... .......... .......... 33% 2.28M 3m13s
 66450K .......... .......... .......... .......... .......... 33% 1.09M 3m13s
 66500K .......... .......... .......... .......... .......... 33% 1.99M 3m13s
 66550K .......... .......... .......... .......... .......... 33% 2.82M 3m12s
 66600K .......... .......... .......... .......... .......... 33% 1.50M 3m12s
 66650K .......... .......... .......... .......... .......... 33% 1.82M 3m12s
 66700K .......... .......... .......... .......... .......... 33% 1.64M 3m12s
 66750K .......... .......... .......... .......... .......... 33% 2.31M 3m12s
 66800K .......... .......... .......... .......... .......... 33% 2.43M 3m12s
 66850K .......... .......... .......... .......... .......... 33%  309K 3m12s
 66900K .......... .......... .......... .......... .......... 33% 1.33M 3m11s
 66950K .......... .......... .......... .......... .......... 33% 2.02M 3m11s
 67000K .......... .......... .......... .......... .......... 33% 2.93M 3m11s
 67050K .......... .......... .......... .......... .......... 33% 3.18M 3m11s
 67100K .......... .......... .......... .......... .......... 33% 1.54M 3m11s
 67150K .......... .......... .......... .......... .......... 33% 2.79M 3m11s
 67200K .......... .......... .......... .......... .......... 33%  255K 3m11s
 67250K .......... .......... .......... .......... .......... 33% 2.91M 3m11s
 67300K .......... .......... .......... .......... .......... 34% 2.94M 3m10s
 67350K .......... .......... .......... .......... .......... 34% 2.71M 3m10s
 67400K .......... .......... .......... .......... .......... 34% 2.91M 3m10s
 67450K .......... .......... .......... .......... .......... 34%  707K 3m10s
 67500K .......... .......... .......... .......... .......... 34% 3.11M 3m10s
 67550K .......... .......... .......... .......... .......... 34% 3.17M 3m10s
 67600K .......... .......... .......... .......... .......... 34% 3.15M 3m9s
 67650K .......... .......... .......... .......... .......... 34% 3.22M 3m9s
 67700K .......... .......... .......... .......... .......... 34% 2.79M 3m9s
 67750K .......... .......... .......... .......... .......... 34% 3.09M 3m9s
 67800K .......... .......... .......... .......... .......... 34%  443K 3m9s
 67850K .......... .......... .......... .......... .......... 34%  171K 3m9s
 67900K .......... .......... .......... .......... .......... 34% 3.28M 3m9s
 67950K .......... .......... .......... .......... .......... 34% 2.46M 3m9s
 68000K .......... .......... .......... .......... .......... 34% 3.08M 3m9s
 68050K .......... .......... .......... .......... .......... 34% 1.57M 3m9s
 68100K .......... .......... .......... .......... .......... 34%  446K 3m9s
 68150K .......... .......... .......... .......... .......... 34% 46.1K 3m10s
 68200K .......... .......... .......... .......... .......... 34% 2.92M 3m10s
 68250K .......... .......... .......... .......... .......... 34% 2.92M 3m10s
 68300K .......... .......... .......... .......... .......... 34% 2.84M 3m10s
 68350K .......... .......... .......... .......... .......... 34% 2.84M 3m10s
 68400K .......... .......... .......... .......... .......... 34% 2.69M 3m9s
 68450K .......... .......... .......... .......... .......... 34% 2.66M 3m9s
 68500K .......... .......... .......... .......... .......... 34% 2.83M 3m9s
 68550K .......... .......... .......... .......... .......... 34% 3.16M 3m9s
 68600K .......... .......... .......... .......... .......... 34% 2.61M 3m9s
 68650K .......... .......... .......... .......... .......... 34% 2.88M 3m9s
 68700K .......... .......... .......... .......... .......... 34% 2.66M 3m8s
 68750K .......... .......... .......... .......... .......... 34% 2.76M 3m8s
 68800K .......... .......... .......... .......... .......... 34% 3.29M 3m8s
 68850K .......... .......... .......... .......... .......... 34% 2.90M 3m8s
 68900K .......... .......... .......... .......... .......... 34%  146K 3m8s
 68950K .......... .......... .......... .......... .......... 34%  833K 3m8s
 69000K .......... .......... .......... .......... .......... 34% 1.19M 3m8s
 69050K .......... .......... .......... .......... .......... 34% 3.45M 3m8s
 69100K .......... .......... .......... .......... .......... 34%  509K 3m8s
 69150K .......... .......... .......... .......... .......... 34% 3.14M 3m8s
 69200K .......... .......... .......... .......... .......... 34%  783K 3m8s
 69250K .......... .......... .......... .......... .......... 35% 1.39M 3m7s
 69300K .......... .......... .......... .......... .......... 35% 1.46M 3m7s
 69350K .......... .......... .......... .......... .......... 35%  457K 3m7s
 69400K .......... .......... .......... .......... .......... 35% 1.44M 3m7s
 69450K .......... .......... .......... .......... .......... 35% 2.39M 3m7s
 69500K .......... .......... .......... .......... .......... 35% 3.31M 3m7s
 69550K .......... .......... .......... .......... .......... 35% 2.24M 3m7s
 69600K .......... .......... .......... .......... .......... 35% 2.97M 3m6s
 69650K .......... .......... .......... .......... .......... 35% 3.53M 3m6s
 69700K .......... .......... .......... .......... .......... 35%  569K 3m6s
 69750K .......... .......... .......... .......... .......... 35% 3.03M 3m6s
 69800K .......... .......... .......... .......... .......... 35%  667K 3m6s
 69850K .......... .......... .......... .......... .......... 35%  683K 3m6s
 69900K .......... .......... .......... .......... .......... 35% 1.51M 3m6s
 69950K .......... .......... .......... .......... .......... 35% 1.27M 3m6s
 70000K .......... .......... .......... .......... .......... 35% 1.88M 3m6s
 70050K .......... .......... .......... .......... .......... 35% 1.56M 3m5s
 70100K .......... .......... .......... .......... .......... 35% 2.53M 3m5s
 70150K .......... .......... .......... .......... .......... 35%  220K 3m5s
 70200K .......... .......... .......... .......... .......... 35% 2.07M 3m5s
 70250K .......... .......... .......... .......... .......... 35% 2.11M 3m5s
 70300K .......... .......... .......... .......... .......... 35%  657K 3m5s
 70350K .......... .......... .......... .......... .......... 35% 2.05M 3m5s
 70400K .......... .......... .......... .......... .......... 35% 2.01M 3m5s
 70450K .......... .......... .......... .......... .......... 35% 2.35M 3m5s
 70500K .......... .......... .......... .......... .......... 35% 2.71M 3m4s
 70550K .......... .......... .......... .......... .......... 35% 2.29M 3m4s
 70600K .......... .......... .......... .......... .......... 35% 1.10M 3m4s
 70650K .......... .......... .......... .......... .......... 35% 1.55M 3m4s
 70700K .......... .......... .......... .......... .......... 35% 1.37M 3m4s
 70750K .......... .......... .......... .......... .......... 35% 2.04M 3m4s
 70800K .......... .......... .......... .......... .......... 35%  693K 3m4s
 70850K .......... .......... .......... .......... .......... 35% 2.28M 3m3s
 70900K .......... .......... .......... .......... .......... 35%  315K 3m3s
 70950K .......... .......... .......... .......... .......... 35% 2.06M 3m3s
 71000K .......... .......... .......... .......... .......... 35% 2.43M 3m3s
 71050K .......... .......... .......... .......... .......... 35% 2.16M 3m3s
 71100K .......... .......... .......... .......... .......... 35% 2.28M 3m3s
 71150K .......... .......... .......... .......... .......... 35% 2.23M 3m3s
 71200K .......... .......... .......... .......... .......... 35% 2.23M 3m3s
 71250K .......... .......... .......... .......... .......... 36% 2.52M 3m2s
 71300K .......... .......... .......... .......... .......... 36% 2.78M 3m2s
 71350K .......... .......... .......... .......... .......... 36% 2.10M 3m2s
 71400K .......... .......... .......... .......... .......... 36%  316K 3m2s
 71450K .......... .......... .......... .......... .......... 36%  319K 3m2s
 71500K .......... .......... .......... .......... .......... 36% 2.11M 3m2s
 71550K .......... .......... .......... .......... .......... 36% 2.04M 3m2s
 71600K .......... .......... .......... .......... .......... 36% 2.40M 3m2s
 71650K .......... .......... .......... .......... .......... 36% 1.62M 3m2s
 71700K .......... .......... .......... .......... .......... 36% 2.38M 3m1s
 71750K .......... .......... .......... .......... .......... 36% 3.11M 3m1s
 71800K .......... .......... .......... .......... .......... 36% 2.85M 3m1s
 71850K .......... .......... .......... .......... .......... 36% 2.55M 3m1s
 71900K .......... .......... .......... .......... .......... 36%  256K 3m1s
 71950K .......... .......... .......... .......... .......... 36% 2.09M 3m1s
 72000K .......... .......... .......... .......... .......... 36% 1.67M 3m1s
 72050K .......... .......... .......... .......... .......... 36% 2.30M 3m1s
 72100K .......... .......... .......... .......... .......... 36% 2.78M 3m0s
 72150K .......... .......... .......... .......... .......... 36% 3.20M 3m0s
 72200K .......... .......... .......... .......... .......... 36% 2.69M 3m0s
 72250K .......... .......... .......... .......... .......... 36% 2.93M 3m0s
 72300K .......... .......... .......... .......... .......... 36% 2.86M 3m0s
 72350K .......... .......... .......... .......... .......... 36% 2.21M 3m0s
 72400K .......... .......... .......... .......... .......... 36% 2.40M 2m59s
 72450K .......... .......... .......... .......... .......... 36%  538K 2m59s
 72500K .......... .......... .......... .......... .......... 36% 2.24M 2m59s
 72550K .......... .......... .......... .......... .......... 36% 2.57M 2m59s
 72600K .......... .......... .......... .......... .......... 36% 2.26M 2m59s
 72650K .......... .......... .......... .......... .......... 36% 2.42M 2m59s
 72700K .......... .......... .......... .......... .......... 36% 2.31M 2m59s
 72750K .......... .......... .......... .......... .......... 36% 2.59M 2m58s
 72800K .......... .......... .......... .......... .......... 36% 2.87M 2m58s
 72850K .......... .......... .......... .......... .......... 36% 2.44M 2m58s
 72900K .......... .......... .......... .......... .......... 36% 2.49M 2m58s
 72950K .......... .......... .......... .......... .......... 36% 2.42M 2m58s
 73000K .......... .......... .......... .......... .......... 36%  278K 2m58s
 73050K .......... .......... .......... .......... .......... 36%  361K 2m58s
 73100K .......... .......... .......... .......... .......... 36%  178K 2m58s
 73150K .......... .......... .......... .......... .......... 36% 3.49M 2m58s
 73200K .......... .......... .......... .......... .......... 36% 2.98M 2m58s
 73250K .......... .......... .......... .......... .......... 37% 3.46M 2m58s
 73300K .......... .......... .......... .......... .......... 37% 3.16M 2m58s
 73350K .......... .......... .......... .......... .......... 37% 3.12M 2m57s
 73400K .......... .......... .......... .......... .......... 37% 3.15M 2m57s
 73450K .......... .......... .......... .......... .......... 37% 2.71M 2m57s
 73500K .......... .......... .......... .......... .......... 37% 2.99M 2m57s
 73550K .......... .......... .......... .......... .......... 37%  684K 2m57s
 73600K .......... .......... .......... .......... .......... 37% 2.87M 2m57s
 73650K .......... .......... .......... .......... .......... 37% 1.21M 2m57s
 73700K .......... .......... .......... .......... .......... 37% 1.33M 2m56s
 73750K .......... .......... .......... .......... .......... 37% 3.39M 2m56s
 73800K .......... .......... .......... .......... .......... 37% 3.48M 2m56s
 73850K .......... .......... .......... .......... .......... 37% 2.83M 2m56s
 73900K .......... .......... .......... .......... .......... 37% 3.45M 2m56s
 73950K .......... .......... .......... .......... .......... 37% 2.88M 2m56s
 74000K .......... .......... .......... .......... .......... 37% 1.59M 2m55s
 74050K .......... .......... .......... .......... .......... 37%  128K 2m56s
 74100K .......... .......... .......... .......... .......... 37%  882K 2m56s
 74150K .......... .......... .......... .......... .......... 37% 2.15M 2m56s
 74200K .......... .......... .......... .......... .......... 37%  895K 2m56s
 74250K .......... .......... .......... .......... .......... 37% 3.14M 2m55s
 74300K .......... .......... .......... .......... .......... 37% 3.55M 2m55s
 74350K .......... .......... .......... .......... .......... 37%  507K 2m55s
 74400K .......... .......... .......... .......... .......... 37% 1.30M 2m55s
 74450K .......... .......... .......... .......... .......... 37% 1.41M 2m55s
 74500K .......... .......... .......... .......... .......... 37%  340K 2m55s
 74550K .......... .......... .......... .......... .......... 37% 2.75M 2m55s
 74600K .......... .......... .......... .......... .......... 37% 2.60M 2m55s
 74650K .......... .......... .......... .......... .......... 37% 3.25M 2m55s
 74700K .......... .......... .......... .......... .......... 37% 3.03M 2m54s
 74750K .......... .......... .......... .......... .......... 37% 3.49M 2m54s
 74800K .......... .......... .......... .......... .......... 37% 4.10M 2m54s
 74850K .......... .......... .......... .......... .......... 37% 3.61M 2m54s
 74900K .......... .......... .......... .......... .......... 37%  195K 2m54s
 74950K .......... .......... .......... .......... .......... 37% 1.40M 2m54s
 75000K .......... .......... .......... .......... .......... 37% 2.36M 2m54s
 75050K .......... .......... .......... .......... .......... 37% 2.92M 2m54s
 75100K .......... .......... .......... .......... .......... 37% 2.71M 2m54s
 75150K .......... .......... .......... .......... .......... 37% 2.38M 2m53s
 75200K .......... .......... .......... .......... .......... 38% 2.43M 2m53s
 75250K .......... .......... .......... .......... .......... 38% 2.88M 2m53s
 75300K .......... .......... .......... .......... .......... 38% 2.91M 2m53s
 75350K .......... .......... .......... .......... .......... 38% 2.57M 2m53s
 75400K .......... .......... .......... .......... .......... 38% 2.84M 2m53s
 75450K .......... .......... .......... .......... .......... 38%  418K 2m53s
 75500K .......... .......... .......... .......... .......... 38% 3.10M 2m52s
 75550K .......... .......... .......... .......... .......... 38% 3.22M 2m52s
 75600K .......... .......... .......... .......... .......... 38% 2.90M 2m52s
 75650K .......... .......... .......... .......... .......... 38% 2.93M 2m52s
 75700K .......... .......... .......... .......... .......... 38% 2.89M 2m52s
 75750K .......... .......... .......... .......... .......... 38% 3.37M 2m52s
 75800K .......... .......... .......... .......... .......... 38%  630K 2m52s
 75850K .......... .......... .......... .......... .......... 38% 1.37M 2m51s
 75900K .......... .......... .......... .......... .......... 38% 1.87M 2m51s
 75950K .......... .......... .......... .......... .......... 38% 1.77M 2m51s
 76000K .......... .......... .......... .......... .......... 38% 1.68M 2m51s
 76050K .......... .......... .......... .......... .......... 38% 2.44M 2m51s
 76100K .......... .......... .......... .......... .......... 38% 1.31M 2m51s
 76150K .......... .......... .......... .......... .......... 38% 1.80M 2m51s
 76200K .......... .......... .......... .......... .......... 38% 1.45M 2m51s
 76250K .......... .......... .......... .......... .......... 38% 1.94M 2m50s
 76300K .......... .......... .......... .......... .......... 38% 1.46M 2m50s
 76350K .......... .......... .......... .......... .......... 38% 1.65M 2m50s
 76400K .......... .......... .......... .......... .......... 38%  196K 2m50s
 76450K .......... .......... .......... .......... .......... 38%  345K 2m50s
 76500K .......... .......... .......... .......... .......... 38%  803K 2m50s
 76550K .......... .......... .......... .......... .......... 38% 2.32M 2m50s
 76600K .......... .......... .......... .......... .......... 38% 1.88M 2m50s
 76650K .......... .......... .......... .......... .......... 38% 2.22M 2m50s
 76700K .......... .......... .......... .......... .......... 38% 2.25M 2m50s
 76750K .......... .......... .......... .......... .......... 38% 2.21M 2m50s
 76800K .......... .......... .......... .......... .......... 38% 2.58M 2m49s
 76850K .......... .......... .......... .......... .......... 38% 2.03M 2m49s
 76900K .......... .......... .......... .......... .......... 38% 1.69M 2m49s
 76950K .......... .......... .......... .......... .......... 38%  893K 2m49s
 77000K .......... .......... .......... .......... .......... 38%  297K 2m49s
 77050K .......... .......... .......... .......... .......... 38% 2.24M 2m49s
 77100K .......... .......... .......... .......... .......... 38% 2.27M 2m49s
 77150K .......... .......... .......... .......... .......... 38% 1.02M 2m49s
 77200K .......... .......... .......... .......... .......... 39% 2.50M 2m49s
 77250K .......... .......... .......... .......... .......... 39% 3.05M 2m48s
 77300K .......... .......... .......... .......... .......... 39% 3.00M 2m48s
 77350K .......... .......... .......... .......... .......... 39% 2.65M 2m48s
 77400K .......... .......... .......... .......... .......... 39% 2.59M 2m48s
 77450K .......... .......... .......... .......... .......... 39% 2.57M 2m48s
 77500K .......... .......... .......... .......... .......... 39% 3.12M 2m48s
 77550K .......... .......... .......... .......... .......... 39% 1.05M 2m48s
 77600K .......... .......... .......... .......... .......... 39% 2.55M 2m47s
 77650K .......... .......... .......... .......... .......... 39% 2.93M 2m47s
 77700K .......... .......... .......... .......... .......... 39% 1.87M 2m47s
 77750K .......... .......... .......... .......... .......... 39% 2.98M 2m47s
 77800K .......... .......... .......... .......... .......... 39%  803K 2m47s
 77850K .......... .......... .......... .......... .......... 39% 2.20M 2m47s
 77900K .......... .......... .......... .......... .......... 39% 2.90M 2m47s
 77950K .......... .......... .......... .......... .......... 39% 1.96M 2m46s
 78000K .......... .......... .......... .......... .......... 39% 3.06M 2m46s
 78050K .......... .......... .......... .......... .......... 39% 1.30M 2m46s
 78100K .......... .......... .......... .......... .......... 39%  637K 2m46s
 78150K .......... .......... .......... .......... .......... 39% 2.02M 2m46s
 78200K .......... .......... .......... .......... .......... 39% 2.64M 2m46s
 78250K .......... .......... .......... .......... .......... 39% 2.96M 2m46s
 78300K .......... .......... .......... .......... .......... 39% 3.01M 2m46s
 78350K .......... .......... .......... .......... .......... 39%  316K 2m46s
 78400K .......... .......... .......... .......... .......... 39% 2.76M 2m45s
 78450K .......... .......... .......... .......... .......... 39% 2.35M 2m45s
 78500K .......... .......... .......... .......... .......... 39% 2.99M 2m45s
 78550K .......... .......... .......... .......... .......... 39% 2.73M 2m45s
 78600K .......... .......... .......... .......... .......... 39% 2.45M 2m45s
 78650K .......... .......... .......... .......... .......... 39% 2.77M 2m45s
 78700K .......... .......... .......... .......... .......... 39% 2.67M 2m45s
 78750K .......... .......... .......... .......... .......... 39% 2.92M 2m44s
 78800K .......... .......... .......... .......... .......... 39% 3.05M 2m44s
 78850K .......... .......... .......... .......... .......... 39% 2.52M 2m44s
 78900K .......... .......... .......... .......... .......... 39%  308K 2m44s
 78950K .......... .......... .......... .......... .......... 39% 2.19M 2m44s
 79000K .......... .......... .......... .......... .......... 39% 3.06M 2m44s
 79050K .......... .......... .......... .......... .......... 39% 3.08M 2m44s
 79100K .......... .......... .......... .......... .......... 39% 2.87M 2m44s
 79150K .......... .......... .......... .......... .......... 40% 3.09M 2m44s
 79200K .......... .......... .......... .......... .......... 40%  838K 2m43s
 79250K .......... .......... .......... .......... .......... 40% 1.23M 2m43s
 79300K .......... .......... .......... .......... .......... 40% 2.65M 2m43s
 79350K .......... .......... .......... .......... .......... 40% 2.58M 2m43s
 79400K .......... .......... .......... .......... .......... 40%  292K 2m43s
 79450K .......... .......... .......... .......... .......... 40%  124K 2m44s
 79500K .......... .......... .......... .......... .......... 40% 1.12M 2m43s
 79550K .......... .......... .......... .......... .......... 40% 3.11M 2m43s
 79600K .......... .......... .......... .......... .......... 40% 1.86M 2m43s
 79650K .......... .......... .......... .......... .......... 40%  298K 2m43s
 79700K .......... .......... .......... .......... .......... 40% 1.20M 2m43s
 79750K .......... .......... .......... .......... .......... 40%  534K 2m43s
 79800K .......... .......... .......... .......... .......... 40% 3.09M 2m43s
 79850K .......... .......... .......... .......... .......... 40%  158K 2m43s
 79900K .......... .......... .......... .......... .......... 40%  462K 2m43s
 79950K .......... .......... .......... .......... .......... 40% 2.09M 2m43s
 80000K .......... .......... .......... .......... .......... 40% 2.58M 2m43s
 80050K .......... .......... .......... .......... .......... 40% 79.7K 2m44s
 80100K .......... .......... .......... .......... .......... 40%  247K 2m44s
 80150K .......... .......... .......... .......... .......... 40% 1.85M 2m44s
 80200K .......... .......... .......... .......... .......... 40%  829K 2m44s
 80250K .......... .......... .......... .......... .......... 40% 1.54M 2m43s
 80300K .......... .......... .......... .......... .......... 40% 3.13M 2m43s
 80350K .......... .......... .......... .......... .......... 40% 1.29M 2m43s
 80400K .......... .......... .......... .......... .......... 40% 3.17M 2m43s
 80450K .......... .......... .......... .......... .......... 40%  549K 2m43s
 80500K .......... .......... .......... .......... .......... 40% 1.58M 2m43s
 80550K .......... .......... .......... .......... .......... 40% 1.90M 2m43s
 80600K .......... .......... .......... .......... .......... 40% 1.01M 2m43s
 80650K .......... .......... .......... .......... .......... 40% 48.4K 2m44s
 80700K .......... .......... .......... .......... .......... 40%  287K 2m44s
 80750K .......... .......... .......... .......... .......... 40% 2.80M 2m44s
 80800K .......... .......... .......... .......... .......... 40% 1.65M 2m44s
 80850K .......... .......... .......... .......... .......... 40% 1.29M 2m44s
 80900K .......... .......... .......... .......... .......... 40% 1.83M 2m44s
 80950K .......... .......... .......... .......... .......... 40% 1.61M 2m43s
 81000K .......... .......... .......... .......... .......... 40% 1.01M 2m43s
 81050K .......... .......... .......... .......... .......... 40% 1.73M 2m43s
 81100K .......... .......... .......... .......... .......... 40% 2.84M 2m43s
 81150K .......... .......... .......... .......... .......... 41% 1.05M 2m43s
 81200K .......... .......... .......... .......... .......... 41% 3.00M 2m43s
 81250K .......... .......... .......... .......... .......... 41% 1.55M 2m43s
 81300K .......... .......... .......... .......... .......... 41%  179K 2m43s
 81350K .......... .......... .......... .......... .......... 41%  383K 2m43s
 81400K .......... .......... .......... .......... .......... 41% 2.56M 2m43s
 81450K .......... .......... .......... .......... .......... 41% 2.24M 2m43s
 81500K .......... .......... .......... .......... .......... 41% 2.61M 2m43s
 81550K .......... .......... .......... .......... .......... 41% 2.64M 2m42s
 81600K .......... .......... .......... .......... .......... 41% 2.38M 2m42s
 81650K .......... .......... .......... .......... .......... 41% 2.42M 2m42s
 81700K .......... .......... .......... .......... .......... 41% 2.54M 2m42s
 81750K .......... .......... .......... .......... .......... 41% 2.73M 2m42s
 81800K .......... .......... .......... .......... .......... 41% 2.88M 2m42s
 81850K .......... .......... .......... .......... .......... 41% 2.26M 2m42s
 81900K .......... .......... .......... .......... .......... 41% 3.03M 2m41s
 81950K .......... .......... .......... .......... .......... 41% 2.72M 2m41s
 82000K .......... .......... .......... .......... .......... 41%  289K 2m41s
 82050K .......... .......... .......... .......... .......... 41% 1.30M 2m41s
 82100K .......... .......... .......... .......... .......... 41% 1.69M 2m41s
 82150K .......... .......... .......... .......... .......... 41% 2.93M 2m41s
 82200K .......... .......... .......... .......... .......... 41% 2.41M 2m41s
 82250K .......... .......... .......... .......... .......... 41% 2.11M 2m41s
 82300K .......... .......... .......... .......... .......... 41% 2.38M 2m41s
 82350K .......... .......... .......... .......... .......... 41% 1.40M 2m40s
 82400K .......... .......... .......... .......... .......... 41% 2.15M 2m40s
 82450K .......... .......... .......... .......... .......... 41% 2.02M 2m40s
 82500K .......... .......... .......... .......... .......... 41%  440K 2m40s
 82550K .......... .......... .......... .......... .......... 41% 2.83M 2m40s
 82600K .......... .......... .......... .......... .......... 41%  407K 2m40s
 82650K .......... .......... .......... .......... .......... 41% 2.20M 2m40s
 82700K .......... .......... .......... .......... .......... 41%  503K 2m40s
 82750K .......... .......... .......... .......... .......... 41%  476K 2m40s
 82800K .......... .......... .......... .......... .......... 41% 40.4K 2m41s
 82850K .......... .......... .......... .......... .......... 41%  121K 2m42s
 82900K .......... .......... .......... .......... .......... 41%  603K 2m42s
 82950K .......... .......... .......... .......... .......... 41%  953K 2m42s
 83000K .......... .......... .......... .......... .......... 41% 1.97M 2m41s
 83050K .......... .......... .......... .......... .......... 41% 1.36M 2m41s
 83100K .......... .......... .......... .......... .......... 41%  655K 2m41s
 83150K .......... .......... .......... .......... .......... 42% 1.20M 2m41s
 83200K .......... .......... .......... .......... .......... 42%  761K 2m41s
 83250K .......... .......... .......... .......... .......... 42% 1.22M 2m41s
 83300K .......... .......... .......... .......... .......... 42% 1.84M 2m41s
 83350K .......... .......... .......... .......... .......... 42% 1.29M 2m41s
 83400K .......... .......... .......... .......... .......... 42% 2.20M 2m41s
 83450K .......... .......... .......... .......... .......... 42%  285K 2m41s
 83500K .......... .......... .......... .......... .......... 42%  652K 2m41s
 83550K .......... .......... .......... .......... .......... 42% 1.59M 2m41s
 83600K .......... .......... .......... .......... .......... 42% 77.2K 2m41s
 83650K .......... .......... .......... .......... .......... 42% 1.99M 2m41s
 83700K .......... .......... .......... .......... .......... 42% 2.23M 2m41s
 83750K .......... .......... .......... .......... .......... 42% 1.18M 2m41s
 83800K .......... .......... .......... .......... .......... 42%  857K 2m41s
 83850K .......... .......... .......... .......... .......... 42% 1.37M 2m41s
 83900K .......... .......... .......... .......... .......... 42% 2.32M 2m41s
 83950K .......... .......... .......... .......... .......... 42% 2.43M 2m40s
 84000K .......... .......... .......... .......... .......... 42% 2.69M 2m40s
 84050K .......... .......... .......... .......... .......... 42% 2.59M 2m40s
 84100K .......... .......... .......... .......... .......... 42%  598K 2m40s
 84150K .......... .......... .......... .......... .......... 42%  355K 2m40s
 84200K .......... .......... .......... .......... .......... 42%  190K 2m40s
 84250K .......... .......... .......... .......... .......... 42%  229K 2m40s
 84300K .......... .......... .......... .......... .......... 42%  141K 2m41s
 84350K .......... .......... .......... .......... .......... 42%  277K 2m41s
 84400K .......... .......... .......... .......... .......... 42% 1.13M 2m41s
 84450K .......... .......... .......... .......... .......... 42%  328K 2m41s
 84500K .......... .......... .......... .......... .......... 42%  453K 2m41s
 84550K .......... .......... .......... .......... .......... 42% 1.74M 2m41s
 84600K .......... .......... .......... .......... .......... 42% 1.17M 2m40s
 84650K .......... .......... .......... .......... .......... 42%  823K 2m40s
 84700K .......... .......... .......... .......... .......... 42%  988K 2m40s
 84750K .......... .......... .......... .......... .......... 42% 1.76M 2m40s
 84800K .......... .......... .......... .......... .......... 42% 1.53M 2m40s
 84850K .......... .......... .......... .......... .......... 42%  131K 2m40s
 84900K .......... .......... .......... .......... .......... 42% 2.66M 2m40s
 84950K .......... .......... .......... .......... .......... 42% 2.81M 2m40s
 85000K .......... .......... .......... .......... .......... 42% 1.45M 2m40s
 85050K .......... .......... .......... .......... .......... 42%  822K 2m40s
 85100K .......... .......... .......... .......... .......... 43%  352K 2m40s
 85150K .......... .......... .......... .......... .......... 43%  890K 2m40s
 85200K .......... .......... .......... .......... .......... 43% 1.94M 2m40s
 85250K .......... .......... .......... .......... .......... 43% 2.76M 2m40s
 85300K .......... .......... .......... .......... .......... 43% 1.51M 2m39s
 85350K .......... .......... .......... .......... .......... 43% 2.22M 2m39s
 85400K .......... .......... .......... .......... .......... 43% 1.69M 2m39s
 85450K .......... .......... .......... .......... .......... 43% 2.67M 2m39s
 85500K .......... .......... .......... .......... .......... 43% 3.95M 2m39s
 85550K .......... .......... .......... .......... .......... 43% 1.41M 2m39s
 85600K .......... .......... .......... .......... .......... 43% 3.09M 2m39s
 85650K .......... .......... .......... .......... .......... 43% 1.21M 2m38s
 85700K .......... .......... .......... .......... .......... 43% 1.18M 2m38s
 85750K .......... .......... .......... .......... .......... 43% 3.19M 2m38s
 85800K .......... .......... .......... .......... .......... 43% 1.08M 2m38s
 85850K .......... .......... .......... .......... .......... 43%  952K 2m38s
 85900K .......... .......... .......... .......... .......... 43% 2.28M 2m38s
 85950K .......... .......... .......... .......... .......... 43% 2.83M 2m38s
 86000K .......... .......... .......... .......... .......... 43%  998K 2m38s
 86050K .......... .......... .......... .......... .......... 43%  459K 2m38s
 86100K .......... .......... .......... .......... .......... 43% 2.10M 2m38s
 86150K .......... .......... .......... .......... .......... 43% 2.79M 2m37s
 86200K .......... .......... .......... .......... .......... 43% 2.96M 2m37s
 86250K .......... .......... .......... .......... .......... 43% 1.93M 2m37s
 86300K .......... .......... .......... .......... .......... 43% 1.94M 2m37s
 86350K .......... .......... .......... .......... .......... 43% 2.22M 2m37s
 86400K .......... .......... .......... .......... .......... 43% 1.28M 2m37s
 86450K .......... .......... .......... .......... .......... 43% 2.74M 2m37s
 86500K .......... .......... .......... .......... .......... 43% 2.58M 2m36s
 86550K .......... .......... .......... .......... .......... 43%  252K 2m37s
 86600K .......... .......... .......... .......... .......... 43% 2.75M 2m36s
 86650K .......... .......... .......... .......... .......... 43% 3.31M 2m36s
 86700K .......... .......... .......... .......... .......... 43% 2.82M 2m36s
 86750K .......... .......... .......... .......... .......... 43% 1.97M 2m36s
 86800K .......... .......... .......... .......... .......... 43% 3.08M 2m36s
 86850K .......... .......... .......... .......... .......... 43% 2.84M 2m36s
 86900K .......... .......... .......... .......... .......... 43% 2.99M 2m36s
 86950K .......... .......... .......... .......... .......... 43% 1.51M 2m35s
 87000K .......... .......... .......... .......... .......... 43% 3.04M 2m35s
 87050K .......... .......... .......... .......... .......... 43% 3.25M 2m35s
 87100K .......... .......... .......... .......... .......... 44% 1.51M 2m35s
 87150K .......... .......... .......... .......... .......... 44% 3.01M 2m35s
 87200K .......... .......... .......... .......... .......... 44% 1.19M 2m35s
 87250K .......... .......... .......... .......... .......... 44% 3.51M 2m35s
 87300K .......... .......... .......... .......... .......... 44% 3.13M 2m35s
 87350K .......... .......... .......... .......... .......... 44% 2.17M 2m34s
 87400K .......... .......... .......... .......... .......... 44% 1.15M 2m34s
 87450K .......... .......... .......... .......... .......... 44% 2.92M 2m34s
 87500K .......... .......... .......... .......... .......... 44% 1.74M 2m34s
 87550K .......... .......... .......... .......... .......... 44% 3.06M 2m34s
 87600K .......... .......... .......... .......... .......... 44%  842K 2m34s
 87650K .......... .......... .......... .......... .......... 44% 2.12M 2m34s
 87700K .......... .......... .......... .......... .......... 44% 2.59M 2m34s
 87750K .......... .......... .......... .......... .......... 44% 3.12M 2m33s
 87800K .......... .......... .......... .......... .......... 44% 3.19M 2m33s
 87850K .......... .......... .......... .......... .......... 44% 2.67M 2m33s
 87900K .......... .......... .......... .......... .......... 44% 3.02M 2m33s
 87950K .......... .......... .......... .......... .......... 44% 3.03M 2m33s
 88000K .......... .......... .......... .......... .......... 44% 1.82M 2m33s
 88050K .......... .......... .......... .......... .......... 44% 1.74M 2m33s
 88100K .......... .......... .......... .......... .......... 44% 1.55M 2m33s
 88150K .......... .......... .......... .......... .......... 44% 2.73M 2m32s
 88200K .......... .......... .......... .......... .......... 44% 2.65M 2m32s
 88250K .......... .......... .......... .......... .......... 44% 3.25M 2m32s
 88300K .......... .......... .......... .......... .......... 44% 3.26M 2m32s
 88350K .......... .......... .......... .......... .......... 44% 2.95M 2m32s
 88400K .......... .......... .......... .......... .......... 44% 3.38M 2m32s
 88450K .......... .......... .......... .......... .......... 44% 2.54M 2m32s
 88500K .......... .......... .......... .......... .......... 44% 3.16M 2m31s
 88550K .......... .......... .......... .......... .......... 44% 3.03M 2m31s
 88600K .......... .......... .......... .......... .......... 44% 2.92M 2m31s
 88650K .......... .......... .......... .......... .......... 44% 2.54M 2m31s
 88700K .......... .......... .......... .......... .......... 44% 2.87M 2m31s
 88750K .......... .......... .......... .......... .......... 44% 1.72M 2m31s
 88800K .......... .......... .......... .......... .......... 44% 2.15M 2m31s
 88850K .......... .......... .......... .......... .......... 44% 2.52M 2m31s
 88900K .......... .......... .......... .......... .......... 44% 2.61M 2m30s
 88950K .......... .......... .......... .......... .......... 44% 1.97M 2m30s
 89000K .......... .......... .......... .......... .......... 44%  126K 2m31s
 89050K .......... .......... .......... .......... .......... 45% 1.86M 2m31s
 89100K .......... .......... .......... .......... .......... 45%  852K 2m30s
 89150K .......... .......... .......... .......... .......... 45% 2.31M 2m30s
 89200K .......... .......... .......... .......... .......... 45%  655K 2m30s
 89250K .......... .......... .......... .......... .......... 45% 1.47M 2m30s
 89300K .......... .......... .......... .......... .......... 45% 3.17M 2m30s
 89350K .......... .......... .......... .......... .......... 45% 2.69M 2m30s
 89400K .......... .......... .......... .......... .......... 45% 2.75M 2m30s
 89450K .......... .......... .......... .......... .......... 45% 1.75M 2m30s
 89500K .......... .......... .......... .......... .......... 45% 1.88M 2m29s
 89550K .......... .......... .......... .......... .......... 45% 2.41M 2m29s
 89600K .......... .......... .......... .......... .......... 45% 3.13M 2m29s
 89650K .......... .......... .......... .......... .......... 45% 2.93M 2m29s
 89700K .......... .......... .......... .......... .......... 45%  878K 2m29s
 89750K .......... .......... .......... .......... .......... 45% 1.10M 2m29s
 89800K .......... .......... .......... .......... .......... 45% 2.07M 2m29s
 89850K .......... .......... .......... .......... .......... 45% 1.92M 2m29s
 89900K .......... .......... .......... .......... .......... 45% 2.62M 2m29s
 89950K .......... .......... .......... .......... .......... 45% 2.03M 2m28s
 90000K .......... .......... .......... .......... .......... 45% 3.00M 2m28s
 90050K .......... .......... .......... .......... .......... 45% 3.38M 2m28s
 90100K .......... .......... .......... .......... .......... 45% 2.71M 2m28s
 90150K .......... .......... .......... .......... .......... 45% 3.13M 2m28s
 90200K .......... .......... .......... .......... .......... 45% 2.72M 2m28s
 90250K .......... .......... .......... .......... .......... 45% 3.20M 2m28s
 90300K .......... .......... .......... .......... .......... 45% 3.00M 2m28s
 90350K .......... .......... .......... .......... .......... 45% 2.51M 2m27s
 90400K .......... .......... .......... .......... .......... 45% 3.09M 2m27s
 90450K .......... .......... .......... .......... .......... 45% 2.32M 2m27s
 90500K .......... .......... .......... .......... .......... 45% 2.79M 2m27s
 90550K .......... .......... .......... .......... .......... 45% 2.22M 2m27s
 90600K .......... .......... .......... .......... .......... 45% 2.70M 2m27s
 90650K .......... .......... .......... .......... .......... 45% 2.91M 2m27s
 90700K .......... .......... .......... .......... .......... 45% 2.77M 2m26s
 90750K .......... .......... .......... .......... .......... 45% 3.28M 2m26s
 90800K .......... .......... .......... .......... .......... 45% 3.40M 2m26s
 90850K .......... .......... .......... .......... .......... 45% 2.49M 2m26s
 90900K .......... .......... .......... .......... .......... 45% 2.93M 2m26s
 90950K .......... .......... .......... .......... .......... 45% 2.53M 2m26s
 91000K .......... .......... .......... .......... .......... 45% 3.07M 2m26s
 91050K .......... .......... .......... .......... .......... 46% 2.66M 2m26s
 91100K .......... .......... .......... .......... .......... 46% 2.48M 2m25s
 91150K .......... .......... .......... .......... .......... 46% 2.91M 2m25s
 91200K .......... .......... .......... .......... .......... 46% 2.70M 2m25s
 91250K .......... .......... .......... .......... .......... 46% 2.48M 2m25s
 91300K .......... .......... .......... .......... .......... 46% 2.50M 2m25s
 91350K .......... .......... .......... .......... .......... 46% 2.31M 2m25s
 91400K .......... .......... .......... .......... .......... 46% 2.57M 2m25s
 91450K .......... .......... .......... .......... .......... 46% 2.57M 2m25s
 91500K .......... .......... .......... .......... .......... 46% 2.92M 2m24s
 91550K .......... .......... .......... .......... .......... 46% 3.10M 2m24s
 91600K .......... .......... .......... .......... .......... 46% 2.37M 2m24s
 91650K .......... .......... .......... .......... .......... 46% 2.91M 2m24s
 91700K .......... .......... .......... .......... .......... 46%  870K 2m24s
 91750K .......... .......... .......... .......... .......... 46% 2.10M 2m24s
 91800K .......... .......... .......... .......... .......... 46%  461K 2m24s
 91850K .......... .......... .......... .......... .......... 46% 2.88M 2m24s
 91900K .......... .......... .......... .......... .......... 46% 3.05M 2m24s
 91950K .......... .......... .......... .......... .......... 46% 1.16M 2m24s
 92000K .......... .......... .......... .......... .......... 46%  935K 2m23s
 92050K .......... .......... .......... .......... .......... 46%  527K 2m23s
 92100K .......... .......... .......... .......... .......... 46% 1.03M 2m23s
 92150K .......... .......... .......... .......... .......... 46%  319K 2m23s
 92200K .......... .......... .......... .......... .......... 46% 2.74M 2m23s
 92250K .......... .......... .......... .......... .......... 46% 1.02M 2m23s
 92300K .......... .......... .......... .......... .......... 46% 3.10M 2m23s
 92350K .......... .......... .......... .......... .......... 46% 2.37M 2m23s
 92400K .......... .......... .......... .......... .......... 46% 3.06M 2m23s
 92450K .......... .......... .......... .......... .......... 46% 2.72M 2m23s
 92500K .......... .......... .......... .......... .......... 46% 3.07M 2m22s
 92550K .......... .......... .......... .......... .......... 46% 3.05M 2m22s
 92600K .......... .......... .......... .......... .......... 46% 2.47M 2m22s
 92650K .......... .......... .......... .......... .......... 46% 3.52M 2m22s
 92700K .......... .......... .......... .......... .......... 46% 2.81M 2m22s
 92750K .......... .......... .......... .......... .......... 46% 3.21M 2m22s
 92800K .......... .......... .......... .......... .......... 46% 2.71M 2m22s
 92850K .......... .......... .......... .......... .......... 46% 2.45M 2m22s
 92900K .......... .......... .......... .......... .......... 46% 2.82M 2m21s
 92950K .......... .......... .......... .......... .......... 46% 1.97M 2m21s
 93000K .......... .......... .......... .......... .......... 46% 2.51M 2m21s
 93050K .......... .......... .......... .......... .......... 47% 2.44M 2m21s
 93100K .......... .......... .......... .......... .......... 47% 1.79M 2m21s
 93150K .......... .......... .......... .......... .......... 47% 2.81M 2m21s
 93200K .......... .......... .......... .......... .......... 47% 2.16M 2m21s
 93250K .......... .......... .......... .......... .......... 47% 3.18M 2m21s
 93300K .......... .......... .......... .......... .......... 47% 3.37M 2m21s
 93350K .......... .......... .......... .......... .......... 47% 2.50M 2m20s
 93400K .......... .......... .......... .......... .......... 47% 3.36M 2m20s
 93450K .......... .......... .......... .......... .......... 47% 2.93M 2m20s
 93500K .......... .......... .......... .......... .......... 47% 3.10M 2m20s
 93550K .......... .......... .......... .......... .......... 47%  628K 2m20s
 93600K .......... .......... .......... .......... .......... 47% 2.79M 2m20s
 93650K .......... .......... .......... .......... .......... 47% 3.24M 2m20s
 93700K .......... .......... .......... .......... .......... 47% 2.40M 2m20s
 93750K .......... .......... .......... .......... .......... 47% 3.13M 2m19s
 93800K .......... .......... .......... .......... .......... 47%  218K 2m20s
 93850K .......... .......... .......... .......... .......... 47% 1.13M 2m20s
 93900K .......... .......... .......... .......... .......... 47% 2.36M 2m19s
 93950K .......... .......... .......... .......... .......... 47% 1.98M 2m19s
 94000K .......... .......... .......... .......... .......... 47% 2.43M 2m19s
 94050K .......... .......... .......... .......... .......... 47% 2.21M 2m19s
 94100K .......... .......... .......... .......... .......... 47% 2.75M 2m19s
 94150K .......... .......... .......... .......... .......... 47% 3.36M 2m19s
 94200K .......... .......... .......... .......... .......... 47% 2.60M 2m19s
 94250K .......... .......... .......... .......... .......... 47% 3.18M 2m19s
 94300K .......... .......... .......... .......... .......... 47% 3.01M 2m18s
 94350K .......... .......... .......... .......... .......... 47% 2.11M 2m18s
 94400K .......... .......... .......... .......... .......... 47% 3.09M 2m18s
 94450K .......... .......... .......... .......... .......... 47% 1.73M 2m18s
 94500K .......... .......... .......... .......... .......... 47% 1.66M 2m18s
 94550K .......... .......... .......... .......... .......... 47% 2.90M 2m18s
 94600K .......... .......... .......... .......... .......... 47% 1.76M 2m18s
 94650K .......... .......... .......... .......... .......... 47% 1.63M 2m18s
 94700K .......... .......... .......... .......... .......... 47% 1.61M 2m18s
 94750K .......... .......... .......... .......... .......... 47% 2.62M 2m17s
 94800K .......... .......... .......... .......... .......... 47% 3.05M 2m17s
 94850K .......... .......... .......... .......... .......... 47% 2.73M 2m17s
 94900K .......... .......... .......... .......... .......... 47% 2.22M 2m17s
 94950K .......... .......... .......... .......... .......... 47% 2.31M 2m17s
 95000K .......... .......... .......... .......... .......... 48% 2.98M 2m17s
 95050K .......... .......... .......... .......... .......... 48% 2.93M 2m17s
 95100K .......... .......... .......... .......... .......... 48% 2.68M 2m17s
 95150K .......... .......... .......... .......... .......... 48% 3.25M 2m16s
 95200K .......... .......... .......... .......... .......... 48% 2.77M 2m16s
 95250K .......... .......... .......... .......... .......... 48% 3.39M 2m16s
 95300K .......... .......... .......... .......... .......... 48% 3.56M 2m16s
 95350K .......... .......... .......... .......... .......... 48% 2.75M 2m16s
 95400K .......... .......... .......... .......... .......... 48% 3.70M 2m16s
 95450K .......... .......... .......... .......... .......... 48% 3.18M 2m16s
 95500K .......... .......... .......... .......... .......... 48% 2.93M 2m16s
 95550K .......... .......... .......... .......... .......... 48% 3.23M 2m16s
 95600K .......... .......... .......... .......... .......... 48% 3.07M 2m15s
 95650K .......... .......... .......... .......... .......... 48% 4.28M 2m15s
 95700K .......... .......... .......... .......... .......... 48% 3.07M 2m15s
 95750K .......... .......... .......... .......... .......... 48% 3.45M 2m15s
 95800K .......... .......... .......... .......... .......... 48% 3.18M 2m15s
 95850K .......... .......... .......... .......... .......... 48% 2.65M 2m15s
 95900K .......... .......... .......... .......... .......... 48% 3.34M 2m15s
 95950K .......... .......... .......... .......... .......... 48% 2.99M 2m15s
 96000K .......... .......... .......... .......... .......... 48% 2.72M 2m14s
 96050K .......... .......... .......... .......... .......... 48% 3.05M 2m14s
 96100K .......... .......... .......... .......... .......... 48% 2.72M 2m14s
 96150K .......... .......... .......... .......... .......... 48% 3.23M 2m14s
 96200K .......... .......... .......... .......... .......... 48% 2.75M 2m14s
 96250K .......... .......... .......... .......... .......... 48% 2.95M 2m14s
 96300K .......... .......... .......... .......... .......... 48% 3.18M 2m14s
 96350K .......... .......... .......... .......... .......... 48% 2.90M 2m14s
 96400K .......... .......... .......... .......... .......... 48% 3.53M 2m13s
 96450K .......... .......... .......... .......... .......... 48% 2.87M 2m13s
 96500K .......... .......... .......... .......... .......... 48% 3.30M 2m13s
 96550K .......... .......... .......... .......... .......... 48% 3.40M 2m13s
 96600K .......... .......... .......... .......... .......... 48% 2.92M 2m13s
 96650K .......... .......... .......... .......... .......... 48% 3.46M 2m13s
 96700K .......... .......... .......... .......... .......... 48% 2.94M 2m13s
 96750K .......... .......... .......... .......... .......... 48% 3.67M 2m13s
 96800K .......... .......... .......... .......... .......... 48% 3.32M 2m13s
 96850K .......... .......... .......... .......... .......... 48% 51.9K 2m13s
 96900K .......... .......... .......... .......... .......... 48% 2.61M 2m13s
 96950K .......... .......... .......... .......... .......... 48% 2.59M 2m13s
 97000K .......... .......... .......... .......... .......... 49% 3.47M 2m13s
 97050K .......... .......... .......... .......... .......... 49% 3.24M 2m13s
 97100K .......... .......... .......... .......... .......... 49% 2.70M 2m13s
 97150K .......... .......... .......... .......... .......... 49% 2.95M 2m13s
 97200K .......... .......... .......... .......... .......... 49% 3.66M 2m13s
 97250K .......... .......... .......... .......... .......... 49% 3.59M 2m12s
 97300K .......... .......... .......... .......... .......... 49% 3.34M 2m12s
 97350K .......... .......... .......... .......... .......... 49% 3.06M 2m12s
 97400K .......... .......... .......... .......... .......... 49% 3.79M 2m12s
 97450K .......... .......... .......... .......... .......... 49% 3.45M 2m12s
 97500K .......... .......... .......... .......... .......... 49% 3.91M 2m12s
 97550K .......... .......... .......... .......... .......... 49% 3.46M 2m12s
 97600K .......... .......... .......... .......... .......... 49% 2.83M 2m12s
 97650K .......... .......... .......... .......... .......... 49% 3.41M 2m12s
 97700K .......... .......... .......... .......... .......... 49% 3.18M 2m11s
 97750K .......... .......... .......... .......... .......... 49% 4.96M 2m11s
 97800K .......... .......... .......... .......... .......... 49% 3.41M 2m11s
 97850K .......... .......... .......... .......... .......... 49% 3.11M 2m11s
 97900K .......... .......... .......... .......... .......... 49% 3.54M 2m11s
 97950K .......... .......... .......... .......... .......... 49% 2.63M 2m11s
 98000K .......... .......... .......... .......... .......... 49% 3.65M 2m11s
 98050K .......... .......... .......... .......... .......... 49% 6.50M 2m11s
 98100K .......... .......... .......... .......... .......... 49% 3.19M 2m10s
 98150K .......... .......... .......... .......... .......... 49% 3.99M 2m10s
 98200K .......... .......... .......... .......... .......... 49% 3.30M 2m10s
 98250K .......... .......... .......... .......... .......... 49% 3.35M 2m10s
 98300K .......... .......... .......... .......... .......... 49%  380K 2m10s
 98350K .......... .......... .......... .......... .......... 49% 2.35M 2m10s
 98400K .......... .......... .......... .......... .......... 49% 3.31M 2m10s
 98450K .......... .......... .......... .......... .......... 49% 2.35M 2m10s
 98500K .......... .......... .......... .......... .......... 49% 2.65M 2m10s
 98550K .......... .......... .......... .......... .......... 49% 2.90M 2m10s
 98600K .......... .......... .......... .......... .......... 49% 2.63M 2m9s
 98650K .......... .......... .......... .......... .......... 49% 2.98M 2m9s
 98700K .......... .......... .......... .......... .......... 49% 2.70M 2m9s
 98750K .......... .......... .......... .......... .......... 49% 3.14M 2m9s
 98800K .......... .......... .......... .......... .......... 49% 3.06M 2m9s
 98850K .......... .......... .......... .......... .......... 49% 2.34M 2m9s
 98900K .......... .......... .......... .......... .......... 49% 1.93M 2m9s
 98950K .......... .......... .......... .......... .......... 50% 1.98M 2m9s
 99000K .......... .......... .......... .......... .......... 50% 1.63M 2m9s
 99050K .......... .......... .......... .......... .......... 50% 2.69M 2m8s
 99100K .......... .......... .......... .......... .......... 50% 2.30M 2m8s
 99150K .......... .......... .......... .......... .......... 50% 2.48M 2m8s
 99200K .......... .......... .......... .......... .......... 50% 1.89M 2m8s
 99250K .......... .......... .......... .......... .......... 50% 2.30M 2m8s
 99300K .......... .......... .......... .......... .......... 50% 2.26M 2m8s
 99350K .......... .......... .......... .......... .......... 50% 2.10M 2m8s
 99400K .......... .......... .......... .......... .......... 50% 2.41M 2m8s
 99450K .......... .......... .......... .......... .......... 50% 2.03M 2m8s
 99500K .......... .......... .......... .......... .......... 50% 2.17M 2m7s
 99550K .......... .......... .......... .......... .......... 50% 2.36M 2m7s
 99600K .......... .......... .......... .......... .......... 50% 1.98M 2m7s
 99650K .......... .......... .......... .......... .......... 50% 2.39M 2m7s
 99700K .......... .......... .......... .......... .......... 50% 2.07M 2m7s
 99750K .......... .......... .......... .......... .......... 50% 2.36M 2m7s
 99800K .......... .......... .......... .......... .......... 50% 2.32M 2m7s
 99850K .......... .......... .......... .......... .......... 50% 1.78M 2m7s
 99900K .......... .......... .......... .......... .......... 50% 2.32M 2m7s
 99950K .......... .......... .......... .......... .......... 50% 2.56M 2m7s
100000K .......... .......... .......... .......... .......... 50% 2.59M 2m6s
100050K .......... .......... .......... .......... .......... 50% 2.77M 2m6s
100100K .......... .......... .......... .......... .......... 50% 2.33M 2m6s
100150K .......... .......... .......... .......... .......... 50% 2.66M 2m6s
100200K .......... .......... .......... .......... .......... 50% 2.44M 2m6s
100250K .......... .......... .......... .......... .......... 50% 2.84M 2m6s
100300K .......... .......... .......... .......... .......... 50% 2.55M 2m6s
100350K .......... .......... .......... .......... .......... 50% 2.65M 2m6s
100400K .......... .......... .......... .......... .......... 50% 2.92M 2m6s
100450K .......... .......... .......... .......... .......... 50% 1.74M 2m5s
100500K .......... .......... .......... .......... .......... 50% 1.40M 2m5s
100550K .......... .......... .......... .......... .......... 50% 2.19M 2m5s
100600K .......... .......... .......... .......... .......... 50% 1.81M 2m5s
100650K .......... .......... .......... .......... .......... 50% 2.33M 2m5s
100700K .......... .......... .......... .......... .......... 50% 1.98M 2m5s
100750K .......... .......... .......... .......... .......... 50% 2.98M 2m5s
100800K .......... .......... .......... .......... .......... 50% 2.61M 2m5s
100850K .......... .......... .......... .......... .......... 50% 2.25M 2m5s
100900K .......... .......... .......... .......... .......... 50% 2.56M 2m4s
100950K .......... .......... .......... .......... .......... 51% 2.25M 2m4s
101000K .......... .......... .......... .......... .......... 51% 2.48M 2m4s
101050K .......... .......... .......... .......... .......... 51% 2.11M 2m4s
101100K .......... .......... .......... .......... .......... 51% 2.23M 2m4s
101150K .......... .......... .......... .......... .......... 51% 2.32M 2m4s
101200K .......... .......... .......... .......... .......... 51% 2.04M 2m4s
101250K .......... .......... .......... .......... .......... 51% 2.56M 2m4s
101300K .......... .......... .......... .......... .......... 51% 2.74M 2m4s
101350K .......... .......... .......... .......... .......... 51% 2.25M 2m4s
101400K .......... .......... .......... .......... .......... 51% 2.65M 2m3s
101450K .......... .......... .......... .......... .......... 51% 2.26M 2m3s
101500K .......... .......... .......... .......... .......... 51% 3.05M 2m3s
101550K .......... .......... .......... .......... .......... 51% 2.64M 2m3s
101600K .......... .......... .......... .......... .......... 51% 2.08M 2m3s
101650K .......... .......... .......... .......... .......... 51% 2.64M 2m3s
101700K .......... .......... .......... .......... .......... 51% 2.20M 2m3s
101750K .......... .......... .......... .......... .......... 51% 2.53M 2m3s
101800K .......... .......... .......... .......... .......... 51% 2.70M 2m3s
101850K .......... .......... .......... .......... .......... 51% 2.60M 2m2s
101900K .......... .......... .......... .......... .......... 51% 2.52M 2m2s
101950K .......... .......... .......... .......... .......... 51% 2.22M 2m2s
102000K .......... .......... .......... .......... .......... 51% 2.88M 2m2s
102050K .......... .......... .......... .......... .......... 51% 2.91M 2m2s
102100K .......... .......... .......... .......... .......... 51% 2.27M 2m2s
102150K .......... .......... .......... .......... .......... 51% 2.62M 2m2s
102200K .......... .......... .......... .......... .......... 51% 1.19M 2m2s
102250K .......... .......... .......... .......... .......... 51% 1.16M 2m2s
102300K .......... .......... .......... .......... .......... 51% 2.40M 2m2s
102350K .......... .......... .......... .......... .......... 51% 1.82M 2m1s
102400K .......... .......... .......... .......... .......... 51% 2.58M 2m1s
102450K .......... .......... .......... .......... .......... 51% 2.18M 2m1s
102500K .......... .......... .......... .......... .......... 51% 2.50M 2m1s
102550K .......... .......... .......... .......... .......... 51% 2.55M 2m1s
102600K .......... .......... .......... .......... .......... 51% 2.17M 2m1s
102650K .......... .......... .......... .......... .......... 51% 2.90M 2m1s
102700K .......... .......... .......... .......... .......... 51% 2.43M 2m1s
102750K .......... .......... .......... .......... .......... 51% 3.07M 2m1s
102800K .......... .......... .......... .......... .......... 51% 2.89M 2m1s
102850K .......... .......... .......... .......... .......... 51% 2.29M 2m0s
102900K .......... .......... .......... .......... .......... 51% 2.61M 2m0s
102950K .......... .......... .......... .......... .......... 52% 2.05M 2m0s
103000K .......... .......... .......... .......... .......... 52% 2.04M 2m0s
103050K .......... .......... .......... .......... .......... 52% 2.67M 2m0s
103100K .......... .......... .......... .......... .......... 52% 2.56M 2m0s
103150K .......... .......... .......... .......... .......... 52% 2.10M 2m0s
103200K .......... .......... .......... .......... .......... 52% 2.08M 2m0s
103250K .......... .......... .......... .......... .......... 52% 2.70M 2m0s
103300K .......... .......... .......... .......... .......... 52% 2.72M 2m0s
103350K .......... .......... .......... .......... .......... 52% 2.68M 1m59s
103400K .......... .......... .......... .......... .......... 52% 2.86M 1m59s
103450K .......... .......... .......... .......... .......... 52% 2.22M 1m59s
103500K .......... .......... .......... .......... .......... 52% 2.63M 1m59s
103550K .......... .......... .......... .......... .......... 52% 1.85M 1m59s
103600K .......... .......... .......... .......... .......... 52%  949K 1m59s
103650K .......... .......... .......... .......... .......... 52%  954K 1m59s
103700K .......... .......... .......... .......... .......... 52% 2.77M 1m59s
103750K .......... .......... .......... .......... .......... 52% 3.11M 1m59s
103800K .......... .......... .......... .......... .......... 52% 3.01M 1m59s
103850K .......... .......... .......... .......... .......... 52% 2.56M 1m58s
103900K .......... .......... .......... .......... .......... 52% 2.50M 1m58s
103950K .......... .......... .......... .......... .......... 52% 2.09M 1m58s
104000K .......... .......... .......... .......... .......... 52% 2.57M 1m58s
104050K .......... .......... .......... .......... .......... 52% 2.55M 1m58s
104100K .......... .......... .......... .......... .......... 52% 1.94M 1m58s
104150K .......... .......... .......... .......... .......... 52% 2.85M 1m58s
104200K .......... .......... .......... .......... .......... 52% 2.46M 1m58s
104250K .......... .......... .......... .......... .......... 52% 2.39M 1m58s
104300K .......... .......... .......... .......... .......... 52% 2.68M 1m58s
104350K .......... .......... .......... .......... .......... 52% 2.05M 1m57s
104400K .......... .......... .......... .......... .......... 52% 2.70M 1m57s
104450K .......... .......... .......... .......... .......... 52% 1.99M 1m57s
104500K .......... .......... .......... .......... .......... 52% 2.26M 1m57s
104550K .......... .......... .......... .......... .......... 52% 2.35M 1m57s
104600K .......... .......... .......... .......... .......... 52% 2.34M 1m57s
104650K .......... .......... .......... .......... .......... 52% 2.77M 1m57s
104700K .......... .......... .......... .......... .......... 52% 2.45M 1m57s
104750K .......... .......... .......... .......... .......... 52% 2.64M 1m57s
104800K .......... .......... .......... .......... .......... 52% 1.83M 1m57s
104850K .......... .......... .......... .......... .......... 52% 1.63M 1m56s
104900K .......... .......... .......... .......... .......... 53% 1.71M 1m56s
104950K .......... .......... .......... .......... .......... 53% 1.86M 1m56s
105000K .......... .......... .......... .......... .......... 53% 2.79M 1m56s
105050K .......... .......... .......... .......... .......... 53% 2.69M 1m56s
105100K .......... .......... .......... .......... .......... 53% 1.98M 1m56s
105150K .......... .......... .......... .......... .......... 53% 2.38M 1m56s
105200K .......... .......... .......... .......... .......... 53% 2.12M 1m56s
105250K .......... .......... .......... .......... .......... 53% 1.92M 1m56s
105300K .......... .......... .......... .......... .......... 53% 2.46M 1m56s
105350K .......... .......... .......... .......... .......... 53% 2.08M 1m55s
105400K .......... .......... .......... .......... .......... 53% 2.73M 1m55s
105450K .......... .......... .......... .......... .......... 53% 2.22M 1m55s
105500K .......... .......... .......... .......... .......... 53% 2.03M 1m55s
105550K .......... .......... .......... .......... .......... 53% 1.86M 1m55s
105600K .......... .......... .......... .......... .......... 53% 1.92M 1m55s
105650K .......... .......... .......... .......... .......... 53% 2.60M 1m55s
105700K .......... .......... .......... .......... .......... 53% 2.42M 1m55s
105750K .......... .......... .......... .......... .......... 53% 2.84M 1m55s
105800K .......... .......... .......... .......... .......... 53% 2.87M 1m55s
105850K .......... .......... .......... .......... .......... 53% 2.16M 1m54s
105900K .......... .......... .......... .......... .......... 53% 2.07M 1m54s
105950K .......... .......... .......... .......... .......... 53% 1.81M 1m54s
106000K .......... .......... .......... .......... .......... 53% 1.28M 1m54s
106050K .......... .......... .......... .......... .......... 53% 1.95M 1m54s
106100K .......... .......... .......... .......... .......... 53% 1.88M 1m54s
106150K .......... .......... .......... .......... .......... 53% 2.54M 1m54s
106200K .......... .......... .......... .......... .......... 53% 2.21M 1m54s
106250K .......... .......... .......... .......... .......... 53% 2.64M 1m54s
106300K .......... .......... .......... .......... .......... 53% 2.52M 1m54s
106350K .......... .......... .......... .......... .......... 53% 2.16M 1m54s
106400K .......... .......... .......... .......... .......... 53% 2.52M 1m53s
106450K .......... .......... .......... .......... .......... 53% 2.18M 1m53s
106500K .......... .......... .......... .......... .......... 53% 2.39M 1m53s
106550K .......... .......... .......... .......... .......... 53% 2.00M 1m53s
106600K .......... .......... .......... .......... .......... 53% 1.82M 1m53s
106650K .......... .......... .......... .......... .......... 53% 1.74M 1m53s
106700K .......... .......... .......... .......... .......... 53% 1.99M 1m53s
106750K .......... .......... .......... .......... .......... 53% 2.36M 1m53s
106800K .......... .......... .......... .......... .......... 53% 2.41M 1m53s
106850K .......... .......... .......... .......... .......... 53% 2.24M 1m53s
106900K .......... .......... .......... .......... .......... 54% 3.65M 1m52s
106950K .......... .......... .......... .......... .......... 54% 2.47M 1m52s
107000K .......... .......... .......... .......... .......... 54% 2.68M 1m52s
107050K .......... .......... .......... .......... .......... 54% 2.53M 1m52s
107100K .......... .......... .......... .......... .......... 54% 2.69M 1m52s
107150K .......... .......... .......... .......... .......... 54% 3.17M 1m52s
107200K .......... .......... .......... .......... .......... 54% 2.51M 1m52s
107250K .......... .......... .......... .......... .......... 54% 2.69M 1m52s
107300K .......... .......... .......... .......... .......... 54% 2.99M 1m52s
107350K .......... .......... .......... .......... .......... 54% 2.79M 1m52s
107400K .......... .......... .......... .......... .......... 54% 2.87M 1m51s
107450K .......... .......... .......... .......... .......... 54% 2.92M 1m51s
107500K .......... .......... .......... .......... .......... 54% 3.24M 1m51s
107550K .......... .......... .......... .......... .......... 54% 2.97M 1m51s
107600K .......... .......... .......... .......... .......... 54% 2.49M 1m51s
107650K .......... .......... .......... .......... .......... 54% 3.18M 1m51s
107700K .......... .......... .......... .......... .......... 54% 2.24M 1m51s
107750K .......... .......... .......... .......... .......... 54% 2.38M 1m51s
107800K .......... .......... .......... .......... .......... 54% 3.39M 1m51s
107850K .......... .......... .......... .......... .......... 54% 2.36M 1m51s
107900K .......... .......... .......... .......... .......... 54% 2.86M 1m51s
107950K .......... .......... .......... .......... .......... 54% 2.06M 1m50s
108000K .......... .......... .......... .......... .......... 54% 2.46M 1m50s
108050K .......... .......... .......... .......... .......... 54% 2.64M 1m50s
108100K .......... .......... .......... .......... .......... 54% 2.39M 1m50s
108150K .......... .......... .......... .......... .......... 54% 2.53M 1m50s
108200K .......... .......... .......... .......... .......... 54% 2.24M 1m50s
108250K .......... .......... .......... .......... .......... 54% 2.89M 1m50s
108300K .......... .......... .......... .......... .......... 54% 2.69M 1m50s
108350K .......... .......... .......... .......... .......... 54% 2.38M 1m50s
108400K .......... .......... .......... .......... .......... 54% 2.53M 1m50s
108450K .......... .......... .......... .......... .......... 54% 2.05M 1m49s
108500K .......... .......... .......... .......... .......... 54% 2.25M 1m49s
108550K .......... .......... .......... .......... .......... 54% 1.76M 1m49s
108600K .......... .......... .......... .......... .......... 54% 2.07M 1m49s
108650K .......... .......... .......... .......... .......... 54% 2.20M 1m49s
108700K .......... .......... .......... .......... .......... 54% 2.25M 1m49s
108750K .......... .......... .......... .......... .......... 54% 2.63M 1m49s
108800K .......... .......... .......... .......... .......... 54% 2.40M 1m49s
108850K .......... .......... .......... .......... .......... 55% 2.35M 1m49s
108900K .......... .......... .......... .......... .......... 55% 3.04M 1m49s
108950K .......... .......... .......... .......... .......... 55% 3.15M 1m49s
109000K .......... .......... .......... .......... .......... 55% 2.74M 1m48s
109050K .......... .......... .......... .......... .......... 55% 3.33M 1m48s
109100K .......... .......... .......... .......... .......... 55% 2.78M 1m48s
109150K .......... .......... .......... .......... .......... 55% 3.60M 1m48s
109200K .......... .......... .......... .......... .......... 55% 3.23M 1m48s
109250K .......... .......... .......... .......... .......... 55% 3.29M 1m48s
109300K .......... .......... .......... .......... .......... 55% 3.61M 1m48s
109350K .......... .......... .......... .......... .......... 55% 3.07M 1m48s
109400K .......... .......... .......... .......... .......... 55% 3.32M 1m48s
109450K .......... .......... .......... .......... .......... 55% 3.08M 1m48s
109500K .......... .......... .......... .......... .......... 55% 3.81M 1m47s
109550K .......... .......... .......... .......... .......... 55% 3.35M 1m47s
109600K .......... .......... .......... .......... .......... 55% 2.74M 1m47s
109650K .......... .......... .......... .......... .......... 55% 3.44M 1m47s
109700K .......... .......... .......... .......... .......... 55% 2.38M 1m47s
109750K .......... .......... .......... .......... .......... 55% 3.10M 1m47s
109800K .......... .......... .......... .......... .......... 55% 3.17M 1m47s
109850K .......... .......... .......... .......... .......... 55% 2.87M 1m47s
109900K .......... .......... .......... .......... .......... 55% 3.37M 1m47s
109950K .......... .......... .......... .......... .......... 55% 2.77M 1m47s
110000K .......... .......... .......... .......... .......... 55% 3.13M 1m46s
110050K .......... .......... .......... .......... .......... 55% 3.10M 1m46s
110100K .......... .......... .......... .......... .......... 55% 2.62M 1m46s
110150K .......... .......... .......... .......... .......... 55% 3.17M 1m46s
110200K .......... .......... .......... .......... .......... 55% 2.82M 1m46s
110250K .......... .......... .......... .......... .......... 55% 3.03M 1m46s
110300K .......... .......... .......... .......... .......... 55% 3.39M 1m46s
110350K .......... .......... .......... .......... .......... 55% 3.42M 1m46s
110400K .......... .......... .......... .......... .......... 55% 3.46M 1m46s
110450K .......... .......... .......... .......... .......... 55% 3.02M 1m46s
110500K .......... .......... .......... .......... .......... 55% 2.62M 1m46s
110550K .......... .......... .......... .......... .......... 55% 3.47M 1m45s
110600K .......... .......... .......... .......... .......... 55% 2.90M 1m45s
110650K .......... .......... .......... .......... .......... 55% 3.93M 1m45s
110700K .......... .......... .......... .......... .......... 55% 2.94M 1m45s
110750K .......... .......... .......... .......... .......... 55% 3.44M 1m45s
110800K .......... .......... .......... .......... .......... 55% 2.99M 1m45s
110850K .......... .......... .......... .......... .......... 56% 2.87M 1m45s
110900K .......... .......... .......... .......... .......... 56% 2.02M 1m45s
110950K .......... .......... .......... .......... .......... 56% 2.53M 1m45s
111000K .......... .......... .......... .......... .......... 56% 3.66M 1m45s
111050K .......... .......... .......... .......... .......... 56% 3.73M 1m44s
111100K .......... .......... .......... .......... .......... 56% 3.11M 1m44s
111150K .......... .......... .......... .......... .......... 56% 3.47M 1m44s
111200K .......... .......... .......... .......... .......... 56% 2.57M 1m44s
111250K .......... .......... .......... .......... .......... 56% 2.98M 1m44s
111300K .......... .......... .......... .......... .......... 56% 2.53M 1m44s
111350K .......... .......... .......... .......... .......... 56% 3.24M 1m44s
111400K .......... .......... .......... .......... .......... 56% 3.56M 1m44s
111450K .......... .......... .......... .......... .......... 56% 2.71M 1m44s
111500K .......... .......... .......... .......... .......... 56% 3.14M 1m44s
111550K .......... .......... .......... .......... .......... 56% 3.08M 1m44s
111600K .......... .......... .......... .......... .......... 56% 2.95M 1m43s
111650K .......... .......... .......... .......... .......... 56% 3.44M 1m43s
111700K .......... .......... .......... .......... .......... 56% 2.90M 1m43s
111750K .......... .......... .......... .......... .......... 56% 3.47M 1m43s
111800K .......... .......... .......... .......... .......... 56% 3.25M 1m43s
111850K .......... .......... .......... .......... .......... 56% 3.24M 1m43s
111900K .......... .......... .......... .......... .......... 56% 3.61M 1m43s
111950K .......... .......... .......... .......... .......... 56% 3.26M 1m43s
112000K .......... .......... .......... .......... .......... 56% 3.55M 1m43s
112050K .......... .......... .......... .......... .......... 56% 3.42M 1m43s
112100K .......... .......... .......... .......... .......... 56% 2.62M 1m43s
112150K .......... .......... .......... .......... .......... 56% 3.42M 1m42s
112200K .......... .......... .......... .......... .......... 56% 2.65M 1m42s
112250K .......... .......... .......... .......... .......... 56% 3.26M 1m42s
112300K .......... .......... .......... .......... .......... 56% 2.80M 1m42s
112350K .......... .......... .......... .......... .......... 56% 2.36M 1m42s
112400K .......... .......... .......... .......... .......... 56% 2.74M 1m42s
112450K .......... .......... .......... .......... .......... 56% 2.27M 1m42s
112500K .......... .......... .......... .......... .......... 56% 2.74M 1m42s
112550K .......... .......... .......... .......... .......... 56% 2.79M 1m42s
112600K .......... .......... .......... .......... .......... 56% 2.32M 1m42s
112650K .......... .......... .......... .......... .......... 56% 1.49M 1m42s
112700K .......... .......... .......... .......... .......... 56% 2.34M 1m41s
112750K .......... .......... .......... .......... .......... 56% 2.85M 1m41s
112800K .......... .......... .......... .......... .......... 56% 2.39M 1m41s
112850K .......... .......... .......... .......... .......... 57% 2.16M 1m41s
112900K .......... .......... .......... .......... .......... 57% 2.76M 1m41s
112950K .......... .......... .......... .......... .......... 57% 2.29M 1m41s
113000K .......... .......... .......... .......... .......... 57% 2.51M 1m41s
113050K .......... .......... .......... .......... .......... 57% 2.59M 1m41s
113100K .......... .......... .......... .......... .......... 57% 2.55M 1m41s
113150K .......... .......... .......... .......... .......... 57% 2.95M 1m41s
113200K .......... .......... .......... .......... .......... 57% 2.64M 1m41s
113250K .......... .......... .......... .......... .......... 57% 3.10M 1m40s
113300K .......... .......... .......... .......... .......... 57% 3.01M 1m40s
113350K .......... .......... .......... .......... .......... 57% 2.83M 1m40s
113400K .......... .......... .......... .......... .......... 57% 3.30M 1m40s
113450K .......... .......... .......... .......... .......... 57% 2.95M 1m40s
113500K .......... .......... .......... .......... .......... 57% 3.47M 1m40s
113550K .......... .......... .......... .......... .......... 57% 3.45M 1m40s
113600K .......... .......... .......... .......... .......... 57% 2.77M 1m40s
113650K .......... .......... .......... .......... .......... 57% 3.38M 1m40s
113700K .......... .......... .......... .......... .......... 57% 2.46M 1m40s
113750K .......... .......... .......... .......... .......... 57% 3.95M 1m40s
113800K .......... .......... .......... .......... .......... 57% 3.44M 99s
113850K .......... .......... .......... .......... .......... 57% 2.62M 99s
113900K .......... .......... .......... .......... .......... 57% 3.13M 99s
113950K .......... .......... .......... .......... .......... 57% 3.00M 99s
114000K .......... .......... .......... .......... .......... 57% 3.55M 99s
114050K .......... .......... .......... .......... .......... 57% 3.29M 99s
114100K .......... .......... .......... .......... .......... 57% 2.78M 99s
114150K .......... .......... .......... .......... .......... 57% 3.30M 99s
114200K .......... .......... .......... .......... .......... 57% 3.01M 99s
114250K .......... .......... .......... .......... .......... 57% 3.31M 99s
114300K .......... .......... .......... .......... .......... 57% 3.26M 99s
114350K .......... .......... .......... .......... .......... 57% 2.91M 98s
114400K .......... .......... .......... .......... .......... 57% 3.19M 98s
114450K .......... .......... .......... .......... .......... 57% 2.96M 98s
114500K .......... .......... .......... .......... .......... 57% 3.12M 98s
114550K .......... .......... .......... .......... .......... 57% 2.89M 98s
114600K .......... .......... .......... .......... .......... 57% 2.16M 98s
114650K .......... .......... .......... .......... .......... 57% 2.40M 98s
114700K .......... .......... .......... .......... .......... 57% 2.14M 98s
114750K .......... .......... .......... .......... .......... 57% 2.06M 98s
114800K .......... .......... .......... .......... .......... 58% 2.19M 98s
114850K .......... .......... .......... .......... .......... 58% 2.46M 98s
114900K .......... .......... .......... .......... .......... 58% 2.70M 97s
114950K .......... .......... .......... .......... .......... 58% 2.40M 97s
115000K .......... .......... .......... .......... .......... 58% 2.51M 97s
115050K .......... .......... .......... .......... .......... 58% 2.58M 97s
115100K .......... .......... .......... .......... .......... 58% 2.18M 97s
115150K .......... .......... .......... .......... .......... 58% 2.41M 97s
115200K .......... .......... .......... .......... .......... 58% 1.86M 97s
115250K .......... .......... .......... .......... .......... 58% 2.53M 97s
115300K .......... .......... .......... .......... .......... 58% 2.63M 97s
115350K .......... .......... .......... .......... .......... 58% 2.16M 97s
115400K .......... .......... .......... .......... .......... 58% 2.52M 97s
115450K .......... .......... .......... .......... .......... 58% 1.85M 97s
115500K .......... .......... .......... .......... .......... 58% 1.82M 96s
115550K .......... .......... .......... .......... .......... 58% 2.33M 96s
115600K .......... .......... .......... .......... .......... 58% 2.28M 96s
115650K .......... .......... .......... .......... .......... 58% 2.62M 96s
115700K .......... .......... .......... .......... .......... 58% 2.36M 96s
115750K .......... .......... .......... .......... .......... 58% 2.90M 96s
115800K .......... .......... .......... .......... .......... 58% 2.76M 96s
115850K .......... .......... .......... .......... .......... 58% 2.49M 96s
115900K .......... .......... .......... .......... .......... 58% 2.69M 96s
115950K .......... .......... .......... .......... .......... 58% 2.12M 96s
116000K .......... .......... .......... .......... .......... 58% 2.36M 96s
116050K .......... .......... .......... .......... .......... 58% 2.53M 96s
116100K .......... .......... .......... .......... .......... 58% 2.17M 95s
116150K .......... .......... .......... .......... .......... 58% 2.27M 95s
116200K .......... .......... .......... .......... .......... 58% 1.95M 95s
116250K .......... .......... .......... .......... .......... 58% 1.69M 95s
116300K .......... .......... .......... .......... .......... 58% 2.44M 95s
116350K .......... .......... .......... .......... .......... 58% 2.09M 95s
116400K .......... .......... .......... .......... .......... 58% 2.18M 95s
116450K .......... .......... .......... .......... .......... 58% 1.80M 95s
116500K .......... .......... .......... .......... .......... 58% 2.24M 95s
116550K .......... .......... .......... .......... .......... 58% 2.20M 95s
116600K .......... .......... .......... .......... .......... 58% 1.89M 95s
116650K .......... .......... .......... .......... .......... 58% 2.35M 95s
116700K .......... .......... .......... .......... .......... 58% 1.86M 94s
116750K .......... .......... .......... .......... .......... 58% 2.74M 94s
116800K .......... .......... .......... .......... .......... 59% 2.40M 94s
116850K .......... .......... .......... .......... .......... 59% 1.97M 94s
116900K .......... .......... .......... .......... .......... 59% 2.25M 94s
116950K .......... .......... .......... .......... .......... 59% 1.98M 94s
117000K .......... .......... .......... .......... .......... 59% 2.24M 94s
117050K .......... .......... .......... .......... .......... 59% 2.50M 94s
117100K .......... .......... .......... .......... .......... 59% 2.29M 94s
117150K .......... .......... .......... .......... .......... 59% 2.60M 94s
117200K .......... .......... .......... .......... .......... 59% 2.33M 94s
117250K .......... .......... .......... .......... .......... 59% 2.60M 94s
117300K .......... .......... .......... .......... .......... 59% 2.60M 93s
117350K .......... .......... .......... .......... .......... 59% 2.25M 93s
117400K .......... .......... .......... .......... .......... 59% 2.57M 93s
117450K .......... .......... .......... .......... .......... 59% 2.20M 93s
117500K .......... .......... .......... .......... .......... 59% 2.49M 93s
117550K .......... .......... .......... .......... .......... 59% 2.52M 93s
117600K .......... .......... .......... .......... .......... 59% 2.21M 93s
117650K .......... .......... .......... .......... .......... 59% 2.72M 93s
117700K .......... .......... .......... .......... .......... 59% 2.10M 93s
117750K .......... .......... .......... .......... .......... 59% 2.87M 93s
117800K .......... .......... .......... .......... .......... 59% 2.84M 93s
117850K .......... .......... .......... .......... .......... 59% 2.44M 93s
117900K .......... .......... .......... .......... .......... 59% 2.77M 92s
117950K .......... .......... .......... .......... .......... 59% 2.62M 92s
118000K .......... .......... .......... .......... .......... 59% 2.64M 92s
118050K .......... .......... .......... .......... .......... 59% 2.70M 92s
118100K .......... .......... .......... .......... .......... 59% 2.25M 92s
118150K .......... .......... .......... .......... .......... 59% 2.53M 92s
118200K .......... .......... .......... .......... .......... 59% 2.35M 92s
118250K .......... .......... .......... .......... .......... 59% 2.76M 92s
118300K .......... .......... .......... .......... .......... 59% 2.66M 92s
118350K .......... .......... .......... .......... .......... 59% 2.29M 92s
118400K .......... .......... .......... .......... .......... 59% 2.53M 92s
118450K .......... .......... .......... .......... .......... 59% 2.37M 92s
118500K .......... .......... .......... .......... .......... 59% 2.25M 91s
118550K .......... .......... .......... .......... .......... 59% 2.13M 91s
118600K .......... .......... .......... .......... .......... 59% 2.38M 91s
118650K .......... .......... .......... .......... .......... 59% 2.47M 91s
118700K .......... .......... .......... .......... .......... 59% 2.16M 91s
118750K .......... .......... .......... .......... .......... 60% 2.49M 91s
118800K .......... .......... .......... .......... .......... 60% 2.77M 91s
118850K .......... .......... .......... .......... .......... 60% 2.12M 91s
118900K .......... .......... .......... .......... .......... 60% 2.50M 91s
118950K .......... .......... .......... .......... .......... 60% 2.28M 91s
119000K .......... .......... .......... .......... .......... 60% 2.59M 91s
119050K .......... .......... .......... .......... .......... 60% 2.59M 91s
119100K .......... .......... .......... .......... .......... 60% 2.16M 90s
119150K .......... .......... .......... .......... .......... 60% 2.37M 90s
119200K .......... .......... .......... .......... .......... 60% 2.26M 90s
119250K .......... .......... .......... .......... .......... 60% 2.64M 90s
119300K .......... .......... .......... .......... .......... 60% 2.95M 90s
119350K .......... .......... .......... .......... .......... 60% 2.33M 90s
119400K .......... .......... .......... .......... .......... 60% 2.90M 90s
119450K .......... .......... .......... .......... .......... 60% 2.52M 90s
119500K .......... .......... .......... .......... .......... 60% 3.03M 90s
119550K .......... .......... .......... .......... .......... 60% 2.01M 90s
119600K .......... .......... .......... .......... .......... 60% 2.56M 90s
119650K .......... .......... .......... .......... .......... 60% 2.93M 90s
119700K .......... .......... .......... .......... .......... 60% 2.67M 89s
119750K .......... .......... .......... .......... .......... 60% 2.94M 89s
119800K .......... .......... .......... .......... .......... 60% 3.06M 89s
119850K .......... .......... .......... .......... .......... 60% 2.11M 89s
119900K .......... .......... .......... .......... .......... 60% 2.88M 89s
119950K .......... .......... .......... .......... .......... 60% 2.23M 89s
120000K .......... .......... .......... .......... .......... 60% 2.63M 89s
120050K .......... .......... .......... .......... .......... 60% 2.78M 89s
120100K .......... .......... .......... .......... .......... 60% 2.22M 89s
120150K .......... .......... .......... .......... .......... 60% 2.55M 89s
120200K .......... .......... .......... .......... .......... 60% 2.04M 89s
120250K .......... .......... .......... .......... .......... 60% 1.88M 89s
120300K .......... .......... .......... .......... .......... 60% 2.55M 88s
120350K .......... .......... .......... .......... .......... 60% 2.27M 88s
120400K .......... .......... .......... .......... .......... 60% 2.67M 88s
120450K .......... .......... .......... .......... .......... 60% 2.18M 88s
120500K .......... .......... .......... .......... .......... 60% 2.35M 88s
120550K .......... .......... .......... .......... .......... 60% 2.21M 88s
120600K .......... .......... .......... .......... .......... 60% 1.85M 88s
120650K .......... .......... .......... .......... .......... 60% 2.43M 88s
120700K .......... .......... .......... .......... .......... 60% 1.87M 88s
120750K .......... .......... .......... .......... .......... 61% 2.24M 88s
120800K .......... .......... .......... .......... .......... 61% 2.08M 88s
120850K .......... .......... .......... .......... .......... 61% 2.01M 88s
120900K .......... .......... .......... .......... .......... 61% 2.33M 88s
120950K .......... .......... .......... .......... .......... 61% 2.14M 87s
121000K .......... .......... .......... .......... .......... 61% 2.18M 87s
121050K .......... .......... .......... .......... .......... 61% 2.46M 87s
121100K .......... .......... .......... .......... .......... 61% 2.00M 87s
121150K .......... .......... .......... .......... .......... 61% 2.47M 87s
121200K .......... .......... .......... .......... .......... 61% 1.96M 87s
121250K .......... .......... .......... .......... .......... 61% 2.29M 87s
121300K .......... .......... .......... .......... .......... 61% 2.17M 87s
121350K .......... .......... .......... .......... .......... 61% 2.05M 87s
121400K .......... .......... .......... .......... .......... 61% 2.32M 87s
121450K .......... .......... .......... .......... .......... 61% 1.87M 87s
121500K .......... .......... .......... .......... .......... 61% 2.20M 87s
121550K .......... .......... .......... .......... .......... 61% 2.40M 87s
121600K .......... .......... .......... .......... .......... 61% 2.05M 86s
121650K .......... .......... .......... .......... .......... 61% 1.61M 86s
121700K .......... .......... .......... .......... .......... 61% 1.85M 86s
121750K .......... .......... .......... .......... .......... 61% 2.09M 86s
121800K .......... .......... .......... .......... .......... 61% 2.07M 86s
121850K .......... .......... .......... .......... .......... 61% 1.82M 86s
121900K .......... .......... .......... .......... .......... 61% 2.19M 86s
121950K .......... .......... .......... .......... .......... 61% 1.74M 86s
122000K .......... .......... .......... .......... .......... 61% 1.94M 86s
122050K .......... .......... .......... .......... .......... 61% 2.13M 86s
122100K .......... .......... .......... .......... .......... 61% 1.92M 86s
122150K .......... .......... .......... .......... .......... 61% 2.18M 86s
122200K .......... .......... .......... .......... .......... 61% 1.72M 86s
122250K .......... .......... .......... .......... .......... 61% 1.99M 85s
122300K .......... .......... .......... .......... .......... 61% 2.13M 85s
122350K .......... .......... .......... .......... .......... 61% 1.81M 85s
122400K .......... .......... .......... .......... .......... 61% 2.01M 85s
122450K .......... .......... .......... .......... .......... 61% 1.57M 85s
122500K .......... .......... .......... .......... .......... 61% 1.96M 85s
122550K .......... .......... .......... .......... .......... 61% 1.41M 85s
122600K .......... .......... .......... .......... .......... 61% 1.70M 85s
122650K .......... .......... .......... .......... .......... 61% 1.80M 85s
122700K .......... .......... .......... .......... .......... 61% 1.57M 85s
122750K .......... .......... .......... .......... .......... 62% 2.08M 85s
122800K .......... .......... .......... .......... .......... 62% 2.13M 85s
122850K .......... .......... .......... .......... .......... 62% 1.75M 85s
122900K .......... .......... .......... .......... .......... 62% 2.03M 84s
122950K .......... .......... .......... .......... .......... 62% 1.73M 84s
123000K .......... .......... .......... .......... .......... 62% 2.05M 84s
123050K .......... .......... .......... .......... .......... 62% 2.02M 84s
123100K .......... .......... .......... .......... .......... 62% 1.74M 84s
123150K .......... .......... .......... .......... .......... 62% 2.22M 84s
123200K .......... .......... .......... .......... .......... 62% 1.98M 84s
123250K .......... .......... .......... .......... .......... 62% 2.02M 84s
123300K .......... .......... .......... .......... .......... 62% 2.11M 84s
123350K .......... .......... .......... .......... .......... 62% 1.70M 84s
123400K .......... .......... .......... .......... .......... 62% 1.86M 84s
123450K .......... .......... .......... .......... .......... 62% 1.51M 84s
123500K .......... .......... .......... .......... .......... 62% 1.99M 84s
123550K .......... .......... .......... .......... .......... 62% 1.97M 84s
123600K .......... .......... .......... .......... .......... 62% 1.65M 83s
123650K .......... .......... .......... .......... .......... 62% 1.74M 83s
123700K .......... .......... .......... .......... .......... 62% 1.56M 83s
123750K .......... .......... .......... .......... .......... 62% 1.89M 83s
123800K .......... .......... .......... .......... .......... 62% 1.72M 83s
123850K .......... .......... .......... .......... .......... 62% 1.96M 83s
123900K .......... .......... .......... .......... .......... 62% 2.34M 83s
123950K .......... .......... .......... .......... .......... 62% 1.91M 83s
124000K .......... .......... .......... .......... .......... 62% 2.27M 83s
124050K .......... .......... .......... .......... .......... 62% 2.27M 83s
124100K .......... .......... .......... .......... .......... 62% 2.06M 83s
124150K .......... .......... .......... .......... .......... 62% 2.19M 83s
124200K .......... .......... .......... .......... .......... 62% 1.93M 83s
124250K .......... .......... .......... .......... .......... 62% 2.27M 82s
124300K .......... .......... .......... .......... .......... 62% 2.09M 82s
124350K .......... .......... .......... .......... .......... 62% 1.83M 82s
124400K .......... .......... .......... .......... .......... 62% 2.18M 82s
124450K .......... .......... .......... .......... .......... 62% 1.94M 82s
124500K .......... .......... .......... .......... .......... 62% 2.22M 82s
124550K .......... .......... .......... .......... .......... 62% 2.29M 82s
124600K .......... .......... .......... .......... .......... 62% 1.97M 82s
124650K .......... .......... .......... .......... .......... 62% 2.29M 82s
124700K .......... .......... .......... .......... .......... 63% 1.86M 82s
124750K .......... .......... .......... .......... .......... 63% 2.32M 82s
124800K .......... .......... .......... .......... .......... 63% 2.26M 82s
124850K .......... .......... .......... .......... .......... 63% 2.07M 82s
124900K .......... .......... .......... .......... .......... 63% 2.16M 81s
124950K .......... .......... .......... .......... .......... 63% 2.07M 81s
125000K .......... .......... .......... .......... .......... 63% 2.25M 81s
125050K .......... .......... .......... .......... .......... 63% 2.21M 81s
125100K .......... .......... .......... .......... .......... 63% 2.03M 81s
125150K .......... .......... .......... .......... .......... 63% 2.21M 81s
125200K .......... .......... .......... .......... .......... 63% 1.93M 81s
125250K .......... .......... .......... .......... .......... 63% 2.46M 81s
125300K .......... .......... .......... .......... .......... 63% 2.27M 81s
125350K .......... .......... .......... .......... .......... 63% 1.98M 81s
125400K .......... .......... .......... .......... .......... 63% 2.47M 81s
125450K .......... .......... .......... .......... .......... 63% 2.17M 81s
125500K .......... .......... .......... .......... .......... 63% 2.27M 81s
125550K .......... .......... .......... .......... .......... 63% 2.38M 81s
125600K .......... .......... .......... .......... .......... 63% 2.32M 80s
125650K .......... .......... .......... .......... .......... 63% 2.46M 80s
125700K .......... .......... .......... .......... .......... 63% 2.09M 80s
125750K .......... .......... .......... .......... .......... 63% 2.36M 80s
125800K .......... .......... .......... .......... .......... 63% 2.30M 80s
125850K .......... .......... .......... .......... .......... 63% 2.15M 80s
125900K .......... .......... .......... .......... .......... 63% 2.28M 80s
125950K .......... .......... .......... .......... .......... 63% 1.89M 80s
126000K .......... .......... .......... .......... .......... 63% 2.12M 80s
126050K .......... .......... .......... .......... .......... 63% 2.07M 80s
126100K .......... .......... .......... .......... .......... 63% 2.07M 80s
126150K .......... .......... .......... .......... .......... 63% 2.18M 80s
126200K .......... .......... .......... .......... .......... 63% 2.01M 80s
126250K .......... .......... .......... .......... .......... 63% 2.31M 79s
126300K .......... .......... .......... .......... .......... 63% 2.42M 79s
126350K .......... .......... .......... .......... .......... 63% 1.96M 79s
126400K .......... .......... .......... .......... .......... 63% 2.38M 79s
126450K .......... .......... .......... .......... .......... 63% 1.73M 79s
126500K .......... .......... .......... .......... .......... 63% 2.34M 79s
126550K .......... .......... .......... .......... .......... 63% 2.42M 79s
126600K .......... .......... .......... .......... .......... 63% 2.17M 79s
126650K .......... .......... .......... .......... .......... 63% 2.34M 79s
126700K .......... .......... .......... .......... .......... 64% 2.07M 79s
126750K .......... .......... .......... .......... .......... 64% 2.30M 79s
126800K .......... .......... .......... .......... .......... 64% 2.32M 79s
126850K .......... .......... .......... .......... .......... 64% 2.22M 79s
126900K .......... .......... .......... .......... .......... 64% 2.56M 79s
126950K .......... .......... .......... .......... .......... 64% 1.68M 78s
127000K .......... .......... .......... .......... .......... 64% 33.7K 79s
127050K .......... .......... .......... .......... .......... 64% 2.46M 79s
127100K .......... .......... .......... .......... .......... 64% 2.19M 79s
127150K .......... .......... .......... .......... .......... 64% 2.69M 79s
127200K .......... .......... .......... .......... .......... 64% 2.18M 79s
127250K .......... .......... .......... .......... .......... 64% 2.67M 79s
127300K .......... .......... .......... .......... .......... 64% 2.46M 79s
127350K .......... .......... .......... .......... .......... 64% 2.36M 79s
127400K .......... .......... .......... .......... .......... 64% 2.80M 79s
127450K .......... .......... .......... .......... .......... 64% 2.38M 78s
127500K .......... .......... .......... .......... .......... 64% 2.78M 78s
127550K .......... .......... .......... .......... .......... 64% 2.73M 78s
127600K .......... .......... .......... .......... .......... 64% 2.43M 78s
127650K .......... .......... .......... .......... .......... 64% 2.01M 78s
127700K .......... .......... .......... .......... .......... 64% 2.39M 78s
127750K .......... .......... .......... .......... .......... 64% 2.64M 78s
127800K .......... .......... .......... .......... .......... 64% 2.55M 78s
127850K .......... .......... .......... .......... .......... 64% 2.01M 78s
127900K .......... .......... .......... .......... .......... 64% 2.52M 78s
127950K .......... .......... .......... .......... .......... 64% 1.99M 78s
128000K .......... .......... .......... .......... .......... 64% 2.65M 78s
128050K .......... .......... .......... .......... .......... 64% 2.60M 78s
128100K .......... .......... .......... .......... .......... 64% 2.25M 78s
128150K .......... .......... .......... .......... .......... 64% 2.92M 77s
128200K .......... .......... .......... .......... .......... 64% 2.18M 77s
128250K .......... .......... .......... .......... .......... 64% 2.47M 77s
128300K .......... .......... .......... .......... .......... 64% 2.43M 77s
128350K .......... .......... .......... .......... .......... 64% 2.38M 77s
128400K .......... .......... .......... .......... .......... 64% 2.56M 77s
128450K .......... .......... .......... .......... .......... 64% 2.23M 77s
128500K .......... .......... .......... .......... .......... 64% 2.45M 77s
128550K .......... .......... .......... .......... .......... 64% 2.50M 77s
128600K .......... .......... .......... .......... .......... 64% 2.16M 77s
128650K .......... .......... .......... .......... .......... 65% 2.46M 77s
128700K .......... .......... .......... .......... .......... 65% 2.11M 77s
128750K .......... .......... .......... .......... .......... 65% 2.40M 77s
128800K .......... .......... .......... .......... .......... 65% 2.52M 76s
128850K .......... .......... .......... .......... .......... 65% 1.91M 76s
128900K .......... .......... .......... .......... .......... 65% 2.36M 76s
128950K .......... .......... .......... .......... .......... 65% 2.18M 76s
129000K .......... .......... .......... .......... .......... 65% 2.53M 76s
129050K .......... .......... .......... .......... .......... 65% 2.52M 76s
129100K .......... .......... .......... .......... .......... 65% 2.04M 76s
129150K .......... .......... .......... .......... .......... 65% 2.22M 76s
129200K .......... .......... .......... .......... .......... 65% 2.00M 76s
129250K .......... .......... .......... .......... .......... 65% 2.20M 76s
129300K .......... .......... .......... .......... .......... 65% 2.19M 76s
129350K .......... .......... .......... .......... .......... 65% 2.03M 76s
129400K .......... .......... .......... .......... .......... 65% 2.45M 76s
129450K .......... .......... .......... .......... .......... 65% 2.13M 76s
129500K .......... .......... .......... .......... .......... 65% 2.06M 75s
129550K .......... .......... .......... .......... .......... 65% 2.07M 75s
129600K .......... .......... .......... .......... .......... 65% 2.08M 75s
129650K .......... .......... .......... .......... .......... 65% 2.47M 75s
129700K .......... .......... .......... .......... .......... 65% 2.03M 75s
129750K .......... .......... .......... .......... .......... 65% 2.32M 75s
129800K .......... .......... .......... .......... .......... 65% 2.34M 75s
129850K .......... .......... .......... .......... .......... 65% 2.08M 75s
129900K .......... .......... .......... .......... .......... 65% 2.43M 75s
129950K .......... .......... .......... .......... .......... 65% 1.98M 75s
130000K .......... .......... .......... .......... .......... 65% 2.43M 75s
130050K .......... .......... .......... .......... .......... 65% 2.26M 75s
130100K .......... .......... .......... .......... .......... 65% 2.10M 75s
130150K .......... .......... .......... .......... .......... 65% 2.44M 75s
130200K .......... .......... .......... .......... .......... 65% 2.13M 74s
130250K .......... .......... .......... .......... .......... 65% 2.37M 74s
130300K .......... .......... .......... .......... .......... 65% 2.31M 74s
130350K .......... .......... .......... .......... .......... 65% 2.07M 74s
130400K .......... .......... .......... .......... .......... 65% 2.42M 74s
130450K .......... .......... .......... .......... .......... 65% 2.05M 74s
130500K .......... .......... .......... .......... .......... 65% 2.26M 74s
130550K .......... .......... .......... .......... .......... 65% 2.13M 74s
130600K .......... .......... .......... .......... .......... 65% 1.76M 74s
130650K .......... .......... .......... .......... .......... 66% 2.47M 74s
130700K .......... .......... .......... .......... .......... 66% 2.10M 74s
130750K .......... .......... .......... .......... .......... 66% 2.39M 74s
130800K .......... .......... .......... .......... .......... 66% 2.32M 74s
130850K .......... .......... .......... .......... .......... 66% 2.17M 74s
130900K .......... .......... .......... .......... .......... 66% 2.26M 73s
130950K .......... .......... .......... .......... .......... 66% 1.59M 73s
131000K .......... .......... .......... .......... .......... 66% 2.24M 73s
131050K .......... .......... .......... .......... .......... 66% 2.21M 73s
131100K .......... .......... .......... .......... .......... 66% 1.81M 73s
131150K .......... .......... .......... .......... .......... 66%  563K 73s
131200K .......... .......... .......... .......... .......... 66%  828K 73s
131250K .......... .......... .......... .......... .......... 66% 1.49M 73s
131300K .......... .......... .......... .......... .......... 66% 1.29M 73s
131350K .......... .......... .......... .......... .......... 66% 1.37M 73s
131400K .......... .......... .......... .......... .......... 66% 1.53M 73s
131450K .......... .......... .......... .......... .......... 66% 1.40M 73s
131500K .......... .......... .......... .......... .......... 66% 1.54M 73s
131550K .......... .......... .......... .......... .......... 66% 1.72M 73s
131600K .......... .......... .......... .......... .......... 66% 1.44M 73s
131650K .......... .......... .......... .......... .......... 66% 1.88M 72s
131700K .......... .......... .......... .......... .......... 66% 1.62M 72s
131750K .......... .......... .......... .......... .......... 66% 2.00M 72s
131800K .......... .......... .......... .......... .......... 66% 2.25M 72s
131850K .......... .......... .......... .......... .......... 66% 1.97M 72s
131900K .......... .......... .......... .......... .......... 66% 2.03M 72s
131950K .......... .......... .......... .......... .......... 66% 1.92M 72s
132000K .......... .......... .......... .......... .......... 66% 1.83M 72s
132050K .......... .......... .......... .......... .......... 66% 1.80M 72s
132100K .......... .......... .......... .......... .......... 66% 1.89M 72s
132150K .......... .......... .......... .......... .......... 66% 2.22M 72s
132200K .......... .......... .......... .......... .......... 66% 1.79M 72s
132250K .......... .......... .......... .......... .......... 66% 2.00M 72s
132300K .......... .......... .......... .......... .......... 66% 2.05M 72s
132350K .......... .......... .......... .......... .......... 66% 1.65M 72s
132400K .......... .......... .......... .......... .......... 66% 2.03M 71s
132450K .......... .......... .......... .......... .......... 66% 1.80M 71s
132500K .......... .......... .......... .......... .......... 66% 1.98M 71s
132550K .......... .......... .......... .......... .......... 66% 2.16M 71s
132600K .......... .......... .......... .......... .......... 66% 1.97M 71s
132650K .......... .......... .......... .......... .......... 67% 2.14M 71s
132700K .......... .......... .......... .......... .......... 67% 2.07M 71s
132750K .......... .......... .......... .......... .......... 67% 2.32M 71s
132800K .......... .......... .......... .......... .......... 67% 2.21M 71s
132850K .......... .......... .......... .......... .......... 67% 2.03M 71s
132900K .......... .......... .......... .......... .......... 67% 2.22M 71s
132950K .......... .......... .......... .......... .......... 67% 1.90M 71s
133000K .......... .......... .......... .......... .......... 67% 40.6K 71s
133050K .......... .......... .......... .......... .......... 67% 2.11M 71s
133100K .......... .......... .......... .......... .......... 67% 1.60M 71s
133150K .......... .......... .......... .......... .......... 67% 1.05M 71s
133200K .......... .......... .......... .......... .......... 67% 1.29M 71s
133250K .......... .......... .......... .......... .......... 67% 1.56M 71s
133300K .......... .......... .......... .......... .......... 67% 2.08M 71s
133350K .......... .......... .......... .......... .......... 67% 1.41M 71s
133400K .......... .......... .......... .......... .......... 67% 1.23M 71s
133450K .......... .......... .......... .......... .......... 67% 1.87M 71s
133500K .......... .......... .......... .......... .......... 67% 1.62M 71s
133550K .......... .......... .......... .......... .......... 67% 2.03M 70s
133600K .......... .......... .......... .......... .......... 67% 1.89M 70s
133650K .......... .......... .......... .......... .......... 67% 2.24M 70s
133700K .......... .......... .......... .......... .......... 67% 1.63M 70s
133750K .......... .......... .......... .......... .......... 67% 1.57M 70s
133800K .......... .......... .......... .......... .......... 67% 1.72M 70s
133850K .......... .......... .......... .......... .......... 67% 1.57M 70s
133900K .......... .......... .......... .......... .......... 67% 1.66M 70s
133950K .......... .......... .......... .......... .......... 67% 1.58M 70s
134000K .......... .......... .......... .......... .......... 67% 1.61M 70s
134050K .......... .......... .......... .......... .......... 67% 1.66M 70s
134100K .......... .......... .......... .......... .......... 67% 1.38M 70s
134150K .......... .......... .......... .......... .......... 67% 1.58M 70s
134200K .......... .......... .......... .......... .......... 67% 1.49M 70s
134250K .......... .......... .......... .......... .......... 67% 1.40M 70s
134300K .......... .......... .......... .......... .......... 67% 2.10M 69s
134350K .......... .......... .......... .......... .......... 67% 1.13M 69s
134400K .......... .......... .......... .......... .......... 67% 1.48M 69s
134450K .......... .......... .......... .......... .......... 67% 1.26M 69s
134500K .......... .......... .......... .......... .......... 67% 1.62M 69s
134550K .......... .......... .......... .......... .......... 67% 1.82M 69s
134600K .......... .......... .......... .......... .......... 68% 1.74M 69s
134650K .......... .......... .......... .......... .......... 68% 1.95M 69s
134700K .......... .......... .......... .......... .......... 68% 1.91M 69s
134750K .......... .......... .......... .......... .......... 68% 1.89M 69s
134800K .......... .......... .......... .......... .......... 68% 2.03M 69s
134850K .......... .......... .......... .......... .......... 68% 1.64M 69s
134900K .......... .......... .......... .......... .......... 68% 1.97M 69s
134950K .......... .......... .......... .......... .......... 68% 1.68M 69s
135000K .......... .......... .......... .......... .......... 68% 1.57M 69s
135050K .......... .......... .......... .......... .......... 68% 2.11M 68s
135100K .......... .......... .......... .......... .......... 68% 1.80M 68s
135150K .......... .......... .......... .......... .......... 68% 2.00M 68s
135200K .......... .......... .......... .......... .......... 68% 1.94M 68s
135250K .......... .......... .......... .......... .......... 68% 1.72M 68s
135300K .......... .......... .......... .......... .......... 68% 1.73M 68s
135350K .......... .......... .......... .......... .......... 68% 1.52M 68s
135400K .......... .......... .......... .......... .......... 68% 2.11M 68s
135450K .......... .......... .......... .......... .......... 68% 1.62M 68s
135500K .......... .......... .......... .......... .......... 68% 2.02M 68s
135550K .......... .......... .......... .......... .......... 68% 1.73M 68s
135600K .......... .......... .......... .......... .......... 68%  750K 68s
135650K .......... .......... .......... .......... .......... 68% 1.99M 68s
135700K .......... .......... .......... .......... .......... 68% 1.91M 68s
135750K .......... .......... .......... .......... .......... 68% 2.18M 68s
135800K .......... .......... .......... .......... .......... 68% 2.37M 67s
135850K .......... .......... .......... .......... .......... 68%  391K 67s
135900K .......... .......... .......... .......... .......... 68% 1.38M 67s
135950K .......... .......... .......... .......... .......... 68% 1.48M 67s
136000K .......... .......... .......... .......... .......... 68% 1.68M 67s
136050K .......... .......... .......... .......... .......... 68% 1.72M 67s
136100K .......... .......... .......... .......... .......... 68% 1.44M 67s
136150K .......... .......... .......... .......... .......... 68% 1.69M 67s
136200K .......... .......... .......... .......... .......... 68% 1.54M 67s
136250K .......... .......... .......... .......... .......... 68% 1.60M 67s
136300K .......... .......... .......... .......... .......... 68% 1.89M 67s
136350K .......... .......... .......... .......... .......... 68% 1.52M 67s
136400K .......... .......... .......... .......... .......... 68% 1.63M 67s
136450K .......... .......... .......... .......... .......... 68% 1.66M 67s
136500K .......... .......... .......... .......... .......... 68% 1.48M 67s
136550K .......... .......... .......... .......... .......... 68% 1.75M 67s
136600K .......... .......... .......... .......... .......... 69% 1.78M 66s
136650K .......... .......... .......... .......... .......... 69% 2.02M 66s
136700K .......... .......... .......... .......... .......... 69% 1.99M 66s
136750K .......... .......... .......... .......... .......... 69% 2.19M 66s
136800K .......... .......... .......... .......... .......... 69% 1.77M 66s
136850K .......... .......... .......... .......... .......... 69% 2.02M 66s
136900K .......... .......... .......... .......... .......... 69% 2.25M 66s
136950K .......... .......... .......... .......... .......... 69% 2.02M 66s
137000K .......... .......... .......... .......... .......... 69% 2.22M 66s
137050K .......... .......... .......... .......... .......... 69% 2.30M 66s
137100K .......... .......... .......... .......... .......... 69% 1.98M 66s
137150K .......... .......... .......... .......... .......... 69% 2.11M 66s
137200K .......... .......... .......... .......... .......... 69% 1.82M 66s
137250K .......... .......... .......... .......... .......... 69% 2.30M 66s
137300K .......... .......... .......... .......... .......... 69% 2.21M 66s
137350K .......... .......... .......... .......... .......... 69% 1.95M 65s
137400K .......... .......... .......... .......... .......... 69% 2.34M 65s
137450K .......... .......... .......... .......... .......... 69% 1.82M 65s
137500K .......... .......... .......... .......... .......... 69% 1.80M 65s
137550K .......... .......... .......... .......... .......... 69% 2.18M 65s
137600K .......... .......... .......... .......... .......... 69% 1.94M 65s
137650K .......... .......... .......... .......... .......... 69% 1.91M 65s
137700K .......... .......... .......... .......... .......... 69% 1.36M 65s
137750K .......... .......... .......... .......... .......... 69% 1.29M 65s
137800K .......... .......... .......... .......... .......... 69% 2.20M 65s
137850K .......... .......... .......... .......... .......... 69% 1.89M 65s
137900K .......... .......... .......... .......... .......... 69% 2.14M 65s
137950K .......... .......... .......... .......... .......... 69% 1.99M 65s
138000K .......... .......... .......... .......... .......... 69% 2.05M 65s
138050K .......... .......... .......... .......... .......... 69% 1.76M 65s
138100K .......... .......... .......... .......... .......... 69% 1.84M 64s
138150K .......... .......... .......... .......... .......... 69% 2.09M 64s
138200K .......... .......... .......... .......... .......... 69% 1.62M 64s
138250K .......... .......... .......... .......... .......... 69% 1.84M 64s
138300K .......... .......... .......... .......... .......... 69% 1.95M 64s
138350K .......... .......... .......... .......... .......... 69% 2.04M 64s
138400K .......... .......... .......... .......... .......... 69% 2.22M 64s
138450K .......... .......... .......... .......... .......... 69% 1.89M 64s
138500K .......... .......... .......... .......... .......... 69% 2.06M 64s
138550K .......... .......... .......... .......... .......... 70% 2.18M 64s
138600K .......... .......... .......... .......... .......... 70% 1.49M 64s
138650K .......... .......... .......... .......... .......... 70% 2.12M 64s
138700K .......... .......... .......... .......... .......... 70% 1.73M 64s
138750K .......... .......... .......... .......... .......... 70% 2.23M 64s
138800K .......... .......... .......... .......... .......... 70% 2.09M 64s
138850K .......... .......... .......... .......... .......... 70% 1.95M 63s
138900K .......... .......... .......... .......... .......... 70% 2.24M 63s
138950K .......... .......... .......... .......... .......... 70% 1.92M 63s
139000K .......... .......... .......... .......... .......... 70% 2.23M 63s
139050K .......... .......... .......... .......... .......... 70% 1.79M 63s
139100K .......... .......... .......... .......... .......... 70% 1.61M 63s
139150K .......... .......... .......... .......... .......... 70% 2.00M 63s
139200K .......... .......... .......... .......... .......... 70% 1.60M 63s
139250K .......... .......... .......... .......... .......... 70% 2.34M 63s
139300K .......... .......... .......... .......... .......... 70% 2.06M 63s
139350K .......... .......... .......... .......... .......... 70% 2.03M 63s
139400K .......... .......... .......... .......... .......... 70% 2.13M 63s
139450K .......... .......... .......... .......... .......... 70% 2.02M 63s
139500K .......... .......... .......... .......... .......... 70% 2.23M 63s
139550K .......... .......... .......... .......... .......... 70% 2.19M 63s
139600K .......... .......... .......... .......... .......... 70% 1.90M 63s
139650K .......... .......... .......... .......... .......... 70% 1.98M 62s
139700K .......... .......... .......... .......... .......... 70% 1.97M 62s
139750K .......... .......... .......... .......... .......... 70% 2.27M 62s
139800K .......... .......... .......... .......... .......... 70% 2.16M 62s
139850K .......... .......... .......... .......... .......... 70% 1.95M 62s
139900K .......... .......... .......... .......... .......... 70% 1.95M 62s
139950K .......... .......... .......... .......... .......... 70% 1.96M 62s
140000K .......... .......... .......... .......... .......... 70% 1.97M 62s
140050K .......... .......... .......... .......... .......... 70% 1.99M 62s
140100K .......... .......... .......... .......... .......... 70% 1.78M 62s
140150K .......... .......... .......... .......... .......... 70% 2.34M 62s
140200K .......... .......... .......... .......... .......... 70% 2.01M 62s
140250K .......... .......... .......... .......... .......... 70% 2.22M 62s
140300K .......... .......... .......... .......... .......... 70% 2.10M 62s
140350K .......... .......... .......... .......... .......... 70% 1.99M 62s
140400K .......... .......... .......... .......... .......... 70% 2.39M 61s
140450K .......... .......... .......... .......... .......... 70% 1.94M 61s
140500K .......... .......... .......... .......... .......... 70% 2.20M 61s
140550K .......... .......... .......... .......... .......... 71% 2.31M 61s
140600K .......... .......... .......... .......... .......... 71% 1.98M 61s
140650K .......... .......... .......... .......... .......... 71% 2.34M 61s
140700K .......... .......... .......... .......... .......... 71% 1.92M 61s
140750K .......... .......... .......... .......... .......... 71% 2.16M 61s
140800K .......... .......... .......... .......... .......... 71% 2.23M 61s
140850K .......... .......... .......... .......... .......... 71% 1.97M 61s
140900K .......... .......... .......... .......... .......... 71% 2.24M 61s
140950K .......... .......... .......... .......... .......... 71% 1.94M 61s
141000K .......... .......... .......... .......... .......... 71% 1.98M 61s
141050K .......... .......... .......... .......... .......... 71% 2.32M 61s
141100K .......... .......... .......... .......... .......... 71% 1.95M 61s
141150K .......... .......... .......... .......... .......... 71% 2.22M 60s
141200K .......... .......... .......... .......... .......... 71% 1.88M 60s
141250K .......... .......... .......... .......... .......... 71% 2.28M 60s
141300K .......... .......... .......... .......... .......... 71% 2.43M 60s
141350K .......... .......... .......... .......... .......... 71% 2.01M 60s
141400K .......... .......... .......... .......... .......... 71% 2.30M 60s
141450K .......... .......... .......... .......... .......... 71% 1.91M 60s
141500K .......... .......... .......... .......... .......... 71% 2.23M 60s
141550K .......... .......... .......... .......... .......... 71% 2.32M 60s
141600K .......... .......... .......... .......... .......... 71% 1.94M 60s
141650K .......... .......... .......... .......... .......... 71% 2.03M 60s
141700K .......... .......... .......... .......... .......... 71% 1.85M 60s
141750K .......... .......... .......... .......... .......... 71% 2.08M 60s
141800K .......... .......... .......... .......... .......... 71% 2.13M 60s
141850K .......... .......... .......... .......... .......... 71% 2.01M 60s
141900K .......... .......... .......... .......... .......... 71% 2.09M 59s
141950K .......... .......... .......... .......... .......... 71% 1.80M 59s
142000K .......... .......... .......... .......... .......... 71% 2.22M 59s
142050K .......... .......... .......... .......... .......... 71% 2.32M 59s
142100K .......... .......... .......... .......... .......... 71% 1.74M 59s
142150K .......... .......... .......... .......... .......... 71% 1.74M 59s
142200K .......... .......... .......... .......... .......... 71% 1.89M 59s
142250K .......... .......... .......... .......... .......... 71% 2.19M 59s
142300K .......... .......... .......... .......... .......... 71% 2.16M 59s
142350K .......... .......... .......... .......... .......... 71% 2.03M 59s
142400K .......... .......... .......... .......... .......... 71% 1.93M 59s
142450K .......... .......... .......... .......... .......... 71% 1.80M 59s
142500K .......... .......... .......... .......... .......... 72% 2.08M 59s
142550K .......... .......... .......... .......... .......... 72% 1.61M 59s
142600K .......... .......... .......... .......... .......... 72% 1.40M 59s
142650K .......... .......... .......... .......... .......... 72% 1.81M 59s
142700K .......... .......... .......... .......... .......... 72% 1.75M 58s
142750K .......... .......... .......... .......... .......... 72% 2.25M 58s
142800K .......... .......... .......... .......... .......... 72% 2.14M 58s
142850K .......... .......... .......... .......... .......... 72% 1.92M 58s
142900K .......... .......... .......... .......... .......... 72% 1.96M 58s
142950K .......... .......... .......... .......... .......... 72% 1.81M 58s
143000K .......... .......... .......... .......... .......... 72% 2.13M 58s
143050K .......... .......... .......... .......... .......... 72% 2.38M 58s
143100K .......... .......... .......... .......... .......... 72% 1.98M 58s
143150K .......... .......... .......... .......... .......... 72% 2.08M 58s
143200K .......... .......... .......... .......... .......... 72% 1.92M 58s
143250K .......... .......... .......... .......... .......... 72% 2.06M 58s
143300K .......... .......... .......... .......... .......... 72% 2.30M 58s
143350K .......... .......... .......... .......... .......... 72% 1.66M 58s
143400K .......... .......... .......... .......... .......... 72% 1.95M 58s
143450K .......... .......... .......... .......... .......... 72% 1.71M 58s
143500K .......... .......... .......... .......... .......... 72% 1.94M 57s
143550K .......... .......... .......... .......... .......... 72% 1.92M 57s
143600K .......... .......... .......... .......... .......... 72%  982K 57s
143650K .......... .......... .......... .......... .......... 72% 1.63M 57s
143700K .......... .......... .......... .......... .......... 72% 1.69M 57s
143750K .......... .......... .......... .......... .......... 72% 2.01M 57s
143800K .......... .......... .......... .......... .......... 72% 1.97M 57s
143850K .......... .......... .......... .......... .......... 72% 1.72M 57s
143900K .......... .......... .......... .......... .......... 72% 1.95M 57s
143950K .......... .......... .......... .......... .......... 72% 1.94M 57s
144000K .......... .......... .......... .......... .......... 72% 1.82M 57s
144050K .......... .......... .......... .......... .......... 72% 1.79M 57s
144100K .......... .......... .......... .......... .......... 72% 1.29M 57s
144150K .......... .......... .......... .......... .......... 72% 1.87M 57s
144200K .......... .......... .......... .......... .......... 72% 1.84M 57s
144250K .......... .......... .......... .......... .......... 72% 1.84M 57s
144300K .......... .......... .......... .......... .......... 72% 2.27M 56s
144350K .......... .......... .......... .......... .......... 72% 2.04M 56s
144400K .......... .......... .......... .......... .......... 72% 2.35M 56s
144450K .......... .......... .......... .......... .......... 72% 1.95M 56s
144500K .......... .......... .......... .......... .......... 73% 1.93M 56s
144550K .......... .......... .......... .......... .......... 73% 2.13M 56s
144600K .......... .......... .......... .......... .......... 73% 1.99M 56s
144650K .......... .......... .......... .......... .......... 73% 2.11M 56s
144700K .......... .......... .......... .......... .......... 73% 1.83M 56s
144750K .......... .......... .......... .......... .......... 73% 1.75M 56s
144800K .......... .......... .......... .......... .......... 73% 2.26M 56s
144850K .......... .......... .......... .......... .......... 73% 2.00M 56s
144900K .......... .......... .......... .......... .......... 73% 2.04M 56s
144950K .......... .......... .......... .......... .......... 73% 1.85M 56s
145000K .......... .......... .......... .......... .......... 73% 2.01M 56s
145050K .......... .......... .......... .......... .......... 73% 2.00M 56s
145100K .......... .......... .......... .......... .......... 73% 1.34M 55s
145150K .......... .......... .......... .......... .......... 73% 1.86M 55s
145200K .......... .......... .......... .......... .......... 73% 1.99M 55s
145250K .......... .......... .......... .......... .......... 73% 2.39M 55s
145300K .......... .......... .......... .......... .......... 73% 2.47M 55s
145350K .......... .......... .......... .......... .......... 73% 2.00M 55s
145400K .......... .......... .......... .......... .......... 73% 2.00M 55s
145450K .......... .......... .......... .......... .......... 73% 1.91M 55s
145500K .......... .......... .......... .......... .......... 73% 1.51M 55s
145550K .......... .......... .......... .......... .......... 73% 2.40M 55s
145600K .......... .......... .......... .......... .......... 73% 1.57M 55s
145650K .......... .......... .......... .......... .......... 73% 1.78M 55s
145700K .......... .......... .......... .......... .......... 73% 1.86M 55s
145750K .......... .......... .......... .......... .......... 73% 2.27M 55s
145800K .......... .......... .......... .......... .......... 73% 2.18M 55s
145850K .......... .......... .......... .......... .......... 73% 1.95M 55s
145900K .......... .......... .......... .......... .......... 73% 2.22M 54s
145950K .......... .......... .......... .......... .......... 73% 2.02M 54s
146000K .......... .......... .......... .......... .......... 73% 2.31M 54s
146050K .......... .......... .......... .......... .......... 73% 2.45M 54s
146100K .......... .......... .......... .......... .......... 73% 1.99M 54s
146150K .......... .......... .......... .......... .......... 73% 2.23M 54s
146200K .......... .......... .......... .......... .......... 73% 2.02M 54s
146250K .......... .......... .......... .......... .......... 73% 2.42M 54s
146300K .......... .......... .......... .......... .......... 73% 2.38M 54s
146350K .......... .......... .......... .......... .......... 73% 1.99M 54s
146400K .......... .......... .......... .......... .......... 73% 2.40M 54s
146450K .......... .......... .......... .......... .......... 73% 2.01M 54s
146500K .......... .......... .......... .......... .......... 74% 2.20M 54s
146550K .......... .......... .......... .......... .......... 74% 2.33M 54s
146600K .......... .......... .......... .......... .......... 74% 1.81M 54s
146650K .......... .......... .......... .......... .......... 74% 2.49M 54s
146700K .......... .......... .......... .......... .......... 74% 1.58M 53s
146750K .......... .......... .......... .......... .......... 74% 2.29M 53s
146800K .......... .......... .......... .......... .......... 74% 2.39M 53s
146850K .......... .......... .......... .......... .......... 74% 2.29M 53s
146900K .......... .......... .......... .......... .......... 74% 2.25M 53s
146950K .......... .......... .......... .......... .......... 74% 2.05M 53s
147000K .......... .......... .......... .......... .......... 74% 2.19M 53s
147050K .......... .......... .......... .......... .......... 74% 2.17M 53s
147100K .......... .......... .......... .......... .......... 74% 1.90M 53s
147150K .......... .......... .......... .......... .......... 74% 2.39M 53s
147200K .......... .......... .......... .......... .......... 74% 1.38M 53s
147250K .......... .......... .......... .......... .......... 74% 2.32M 53s
147300K .......... .......... .......... .......... .......... 74% 2.26M 53s
147350K .......... .......... .......... .......... .......... 74% 2.18M 53s
147400K .......... .......... .......... .......... .......... 74% 2.38M 53s
147450K .......... .......... .......... .......... .......... 74% 1.82M 53s
147500K .......... .......... .......... .......... .......... 74% 2.36M 52s
147550K .......... .......... .......... .......... .......... 74% 2.33M 52s
147600K .......... .......... .......... .......... .......... 74% 2.07M 52s
147650K .......... .......... .......... .......... .......... 74% 2.28M 52s
147700K .......... .......... .......... .......... .......... 74% 1.92M 52s
147750K .......... .......... .......... .......... .......... 74% 2.28M 52s
147800K .......... .......... .......... .......... .......... 74% 2.12M 52s
147850K .......... .......... .......... .......... .......... 74% 2.06M 52s
147900K .......... .......... .......... .......... .......... 74% 2.45M 52s
147950K .......... .......... .......... .......... .......... 74% 2.02M 52s
148000K .......... .......... .......... .......... .......... 74% 2.10M 52s
148050K .......... .......... .......... .......... .......... 74% 2.17M 52s
148100K .......... .......... .......... .......... .......... 74% 1.91M 52s
148150K .......... .......... .......... .......... .......... 74% 2.09M 52s
148200K .......... .......... .......... .......... .......... 74% 1.94M 52s
148250K .......... .......... .......... .......... .......... 74% 2.49M 52s
148300K .......... .......... .......... .......... .......... 74% 2.12M 51s
148350K .......... .......... .......... .......... .......... 74% 2.14M 51s
148400K .......... .......... .......... .......... .......... 74% 2.43M 51s
148450K .......... .......... .......... .......... .......... 75% 1.90M 51s
148500K .......... .......... .......... .......... .......... 75% 2.26M 51s
148550K .......... .......... .......... .......... .......... 75% 2.45M 51s
148600K .......... .......... .......... .......... .......... 75% 2.08M 51s
148650K .......... .......... .......... .......... .......... 75% 2.23M 51s
148700K .......... .......... .......... .......... .......... 75% 2.20M 51s
148750K .......... .......... .......... .......... .......... 75% 2.21M 51s
148800K .......... .......... .......... .......... .......... 75% 2.13M 51s
148850K .......... .......... .......... .......... .......... 75% 1.92M 51s
148900K .......... .......... .......... .......... .......... 75% 2.20M 51s
148950K .......... .......... .......... .......... .......... 75% 2.06M 51s
149000K .......... .......... .......... .......... .......... 75% 2.60M 51s
149050K .......... .......... .......... .......... .......... 75% 2.12M 51s
149100K .......... .......... .......... .......... .......... 75% 2.09M 50s
149150K .......... .......... .......... .......... .......... 75% 2.26M 50s
149200K .......... .......... .......... .......... .......... 75% 2.13M 50s
149250K .......... .......... .......... .......... .......... 75% 2.28M 50s
149300K .......... .......... .......... .......... .......... 75% 2.39M 50s
149350K .......... .......... .......... .......... .......... 75% 1.93M 50s
149400K .......... .......... .......... .......... .......... 75% 2.17M 50s
149450K .......... .......... .......... .......... .......... 75% 2.02M 50s
149500K .......... .......... .......... .......... .......... 75% 1.96M 50s
149550K .......... .......... .......... .......... .......... 75% 2.39M 50s
149600K .......... .......... .......... .......... .......... 75% 2.21M 50s
149650K .......... .......... .......... .......... .......... 75% 2.49M 50s
149700K .......... .......... .......... .......... .......... 75% 2.04M 50s
149750K .......... .......... .......... .......... .......... 75% 2.55M 50s
149800K .......... .......... .......... .......... .......... 75% 2.38M 50s
149850K .......... .......... .......... .......... .......... 75% 1.81M 50s
149900K .......... .......... .......... .......... .......... 75% 2.15M 50s
149950K .......... .......... .......... .......... .......... 75% 1.94M 49s
150000K .......... .......... .......... .......... .......... 75% 2.22M 49s
150050K .......... .......... .......... .......... .......... 75% 2.44M 49s
150100K .......... .......... .......... .......... .......... 75% 1.90M 49s
150150K .......... .......... .......... .......... .......... 75% 2.36M 49s
150200K .......... .......... .......... .......... .......... 75% 2.10M 49s
150250K .......... .......... .......... .......... .......... 75% 2.32M 49s
150300K .......... .......... .......... .......... .......... 75% 2.31M 49s
150350K .......... .......... .......... .......... .......... 75% 2.24M 49s
150400K .......... .......... .......... .......... .......... 75% 2.49M 49s
150450K .......... .......... .......... .......... .......... 76% 2.17M 49s
150500K .......... .......... .......... .......... .......... 76% 2.35M 49s
150550K .......... .......... .......... .......... .......... 76% 2.48M 49s
150600K .......... .......... .......... .......... .......... 76% 1.51M 49s
150650K .......... .......... .......... .......... .......... 76% 2.47M 49s
150700K .......... .......... .......... .......... .......... 76% 1.97M 49s
150750K .......... .......... .......... .......... .......... 76% 2.51M 48s
150800K .......... .......... .......... .......... .......... 76% 2.48M 48s
150850K .......... .......... .......... .......... .......... 76% 2.11M 48s
150900K .......... .......... .......... .......... .......... 76% 2.22M 48s
150950K .......... .......... .......... .......... .......... 76% 2.15M 48s
151000K .......... .......... .......... .......... .......... 76% 2.16M 48s
151050K .......... .......... .......... .......... .......... 76% 2.35M 48s
151100K .......... .......... .......... .......... .......... 76% 2.02M 48s
151150K .......... .......... .......... .......... .......... 76% 2.18M 48s
151200K .......... .......... .......... .......... .......... 76% 1.12M 48s
151250K .......... .......... .......... .......... .......... 76% 1.89M 48s
151300K .......... .......... .......... .......... .......... 76% 1.94M 48s
151350K .......... .......... .......... .......... .......... 76%  346K 48s
151400K .......... .......... .......... .......... .......... 76% 2.28M 48s
151450K .......... .......... .......... .......... .......... 76% 2.19M 48s
151500K .......... .......... .......... .......... .......... 76% 2.63M 48s
151550K .......... .......... .......... .......... .......... 76% 2.59M 48s
151600K .......... .......... .......... .......... .......... 76% 3.03M 48s
151650K .......... .......... .......... .......... .......... 76% 3.20M 47s
151700K .......... .......... .......... .......... .......... 76% 3.14M 47s
151750K .......... .......... .......... .......... .......... 76% 3.19M 47s
151800K .......... .......... .......... .......... .......... 76% 2.88M 47s
151850K .......... .......... .......... .......... .......... 76% 2.18M 47s
151900K .......... .......... .......... .......... .......... 76% 2.50M 47s
151950K .......... .......... .......... .......... .......... 76% 2.23M 47s
152000K .......... .......... .......... .......... .......... 76% 2.21M 47s
152050K .......... .......... .......... .......... .......... 76% 2.49M 47s
152100K .......... .......... .......... .......... .......... 76% 1.25M 47s
152150K .......... .......... .......... .......... .......... 76% 2.61M 47s
152200K .......... .......... .......... .......... .......... 76% 2.37M 47s
152250K .......... .......... .......... .......... .......... 76% 2.20M 47s
152300K .......... .......... .......... .......... .......... 76% 1.07M 47s
152350K .......... .......... .......... .......... .......... 76% 1.00M 47s
152400K .......... .......... .......... .......... .......... 77% 2.47M 47s
152450K .......... .......... .......... .......... .......... 77% 1.98M 46s
152500K .......... .......... .......... .......... .......... 77% 2.11M 46s
152550K .......... .......... .......... .......... .......... 77% 1.87M 46s
152600K .......... .......... .......... .......... .......... 77% 1.89M 46s
152650K .......... .......... .......... .......... .......... 77% 2.25M 46s
152700K .......... .......... .......... .......... .......... 77% 1.97M 46s
152750K .......... .......... .......... .......... .......... 77% 2.12M 46s
152800K .......... .......... .......... .......... .......... 77% 1.92M 46s
152850K .......... .......... .......... .......... .......... 77% 1.96M 46s
152900K .......... .......... .......... .......... .......... 77% 2.19M 46s
152950K .......... .......... .......... .......... .......... 77% 2.03M 46s
153000K .......... .......... .......... .......... .......... 77% 2.51M 46s
153050K .......... .......... .......... .......... .......... 77% 1.84M 46s
153100K .......... .......... .......... .......... .......... 77% 2.15M 46s
153150K .......... .......... .......... .......... .......... 77% 2.69M 46s
153200K .......... .......... .......... .......... .......... 77% 2.23M 46s
153250K .......... .......... .......... .......... .......... 77% 2.92M 46s
153300K .......... .......... .......... .......... .......... 77% 2.78M 45s
153350K .......... .......... .......... .......... .......... 77% 2.07M 45s
153400K .......... .......... .......... .......... .......... 77% 2.95M 45s
153450K .......... .......... .......... .......... .......... 77% 2.31M 45s
153500K .......... .......... .......... .......... .......... 77% 2.37M 45s
153550K .......... .......... .......... .......... .......... 77% 2.59M 45s
153600K .......... .......... .......... .......... .......... 77% 2.50M 45s
153650K .......... .......... .......... .......... .......... 77% 2.78M 45s
153700K .......... .......... .......... .......... .......... 77% 2.14M 45s
153750K .......... .......... .......... .......... .......... 77% 3.39M 45s
153800K .......... .......... .......... .......... .......... 77% 2.27M 45s
153850K .......... .......... .......... .......... .......... 77% 1.05M 45s
153900K .......... .......... .......... .......... .......... 77% 1.51M 45s
153950K .......... .......... .......... .......... .......... 77% 1.85M 45s
154000K .......... .......... .......... .......... .......... 77% 2.32M 45s
154050K .......... .......... .......... .......... .......... 77% 2.23M 45s
154100K .......... .......... .......... .......... .......... 77% 1.95M 45s
154150K .......... .......... .......... .......... .......... 77% 2.10M 44s
154200K .......... .......... .......... .......... .......... 77% 1.63M 44s
154250K .......... .......... .......... .......... .......... 77% 2.05M 44s
154300K .......... .......... .......... .......... .......... 77% 1.81M 44s
154350K .......... .......... .......... .......... .......... 77% 2.29M 44s
154400K .......... .......... .......... .......... .......... 78% 2.77M 44s
154450K .......... .......... .......... .......... .......... 78% 2.47M 44s
154500K .......... .......... .......... .......... .......... 78% 2.75M 44s
154550K .......... .......... .......... .......... .......... 78% 2.50M 44s
154600K .......... .......... .......... .......... .......... 78% 2.29M 44s
154650K .......... .......... .......... .......... .......... 78% 1.87M 44s
154700K .......... .......... .......... .......... .......... 78% 1.48M 44s
154750K .......... .......... .......... .......... .......... 78% 2.13M 44s
154800K .......... .......... .......... .......... .......... 78% 1.52M 44s
154850K .......... .......... .......... .......... .......... 78% 1.96M 44s
154900K .......... .......... .......... .......... .......... 78% 1.67M 44s
154950K .......... .......... .......... .......... .......... 78%  955K 44s
155000K .......... .......... .......... .......... .......... 78% 2.16M 44s
155050K .......... .......... .......... .......... .......... 78% 1.73M 43s
155100K .......... .......... .......... .......... .......... 78% 1.44M 43s
155150K .......... .......... .......... .......... .......... 78% 1.53M 43s
155200K .......... .......... .......... .......... .......... 78% 1.80M 43s
155250K .......... .......... .......... .......... .......... 78% 1.94M 43s
155300K .......... .......... .......... .......... .......... 78% 1.93M 43s
155350K .......... .......... .......... .......... .......... 78% 1.56M 43s
155400K .......... .......... .......... .......... .......... 78% 2.04M 43s
155450K .......... .......... .......... .......... .......... 78% 1.14M 43s
155500K .......... .......... .......... .......... .......... 78% 1.70M 43s
155550K .......... .......... .......... .......... .......... 78% 1.46M 43s
155600K .......... .......... .......... .......... .......... 78% 1.53M 43s
155650K .......... .......... .......... .......... .......... 78% 1.97M 43s
155700K .......... .......... .......... .......... .......... 78% 1.85M 43s
155750K .......... .......... .......... .......... .......... 78% 2.22M 43s
155800K .......... .......... .......... .......... .......... 78% 2.44M 43s
155850K .......... .......... .......... .......... .......... 78% 2.61M 43s
155900K .......... .......... .......... .......... .......... 78% 2.64M 42s
155950K .......... .......... .......... .......... .......... 78% 2.34M 42s
156000K .......... .......... .......... .......... .......... 78% 2.67M 42s
156050K .......... .......... .......... .......... .......... 78% 2.82M 42s
156100K .......... .......... .......... .......... .......... 78% 2.32M 42s
156150K .......... .......... .......... .......... .......... 78% 2.51M 42s
156200K .......... .......... .......... .......... .......... 78% 2.32M 42s
156250K .......... .......... .......... .......... .......... 78% 1.97M 42s
156300K .......... .......... .......... .......... .......... 78% 2.78M 42s
156350K .......... .......... .......... .......... .......... 78% 2.32M 42s
156400K .......... .......... .......... .......... .......... 79% 2.72M 42s
156450K .......... .......... .......... .......... .......... 79% 2.28M 42s
156500K .......... .......... .......... .......... .......... 79% 2.70M 42s
156550K .......... .......... .......... .......... .......... 79% 2.70M 42s
156600K .......... .......... .......... .......... .......... 79% 2.20M 42s
156650K .......... .......... .......... .......... .......... 79% 2.19M 42s
156700K .......... .......... .......... .......... .......... 79% 2.24M 42s
156750K .......... .......... .......... .......... .......... 79% 2.59M 41s
156800K .......... .......... .......... .......... .......... 79% 2.67M 41s
156850K .......... .......... .......... .......... .......... 79% 2.04M 41s
156900K .......... .......... .......... .......... .......... 79% 2.30M 41s
156950K .......... .......... .......... .......... .......... 79% 2.20M 41s
157000K .......... .......... .......... .......... .......... 79% 2.04M 41s
157050K .......... .......... .......... .......... .......... 79% 2.63M 41s
157100K .......... .......... .......... .......... .......... 79% 2.59M 41s
157150K .......... .......... .......... .......... .......... 79% 2.75M 41s
157200K .......... .......... .......... .......... .......... 79% 2.36M 41s
157250K .......... .......... .......... .......... .......... 79% 2.62M 41s
157300K .......... .......... .......... .......... .......... 79% 2.07M 41s
157350K .......... .......... .......... .......... .......... 79% 1.38M 41s
157400K .......... .......... .......... .......... .......... 79% 2.43M 41s
157450K .......... .......... .......... .......... .......... 79% 2.30M 41s
157500K .......... .......... .......... .......... .......... 79% 2.30M 41s
157550K .......... .......... .......... .......... .......... 79% 2.38M 41s
157600K .......... .......... .......... .......... .......... 79% 1.90M 41s
157650K .......... .......... .......... .......... .......... 79% 2.92M 40s
157700K .......... .......... .......... .......... .......... 79% 2.03M 40s
157750K .......... .......... .......... .......... .......... 79% 2.53M 40s
157800K .......... .......... .......... .......... .......... 79% 2.91M 40s
157850K .......... .......... .......... .......... .......... 79% 2.46M 40s
157900K .......... .......... .......... .......... .......... 79% 2.94M 40s
157950K .......... .......... .......... .......... .......... 79% 2.39M 40s
158000K .......... .......... .......... .......... .......... 79% 3.07M 40s
158050K .......... .......... .......... .......... .......... 79% 2.81M 40s
158100K .......... .......... .......... .......... .......... 79% 1.89M 40s
158150K .......... .......... .......... .......... .......... 79% 2.34M 40s
158200K .......... .......... .......... .......... .......... 79% 2.08M 40s
158250K .......... .......... .......... .......... .......... 79% 2.42M 40s
158300K .......... .......... .......... .......... .......... 79%  511K 40s
158350K .......... .......... .......... .......... .......... 80% 2.32M 40s
158400K .......... .......... .......... .......... .......... 80% 2.75M 40s
158450K .......... .......... .......... .......... .......... 80% 2.37M 40s
158500K .......... .......... .......... .......... .......... 80% 2.79M 39s
158550K .......... .......... .......... .......... .......... 80% 2.93M 39s
158600K .......... .......... .......... .......... .......... 80% 2.41M 39s
158650K .......... .......... .......... .......... .......... 80% 2.75M 39s
158700K .......... .......... .......... .......... .......... 80% 2.42M 39s
158750K .......... .......... .......... .......... .......... 80% 3.11M 39s
158800K .......... .......... .......... .......... .......... 80% 2.78M 39s
158850K .......... .......... .......... .......... .......... 80% 2.83M 39s
158900K .......... .......... .......... .......... .......... 80% 2.80M 39s
158950K .......... .......... .......... .......... .......... 80% 2.59M 39s
159000K .......... .......... .......... .......... .......... 80% 2.82M 39s
159050K .......... .......... .......... .......... .......... 80% 3.10M 39s
159100K .......... .......... .......... .......... .......... 80% 2.48M 39s
159150K .......... .......... .......... .......... .......... 80% 2.96M 39s
159200K .......... .......... .......... .......... .......... 80% 2.45M 39s
159250K .......... .......... .......... .......... .......... 80% 2.53M 39s
159300K .......... .......... .......... .......... .......... 80% 2.46M 39s
159350K .......... .......... .......... .......... .......... 80% 2.30M 39s
159400K .......... .......... .......... .......... .......... 80% 3.04M 38s
159450K .......... .......... .......... .......... .......... 80% 2.40M 38s
159500K .......... .......... .......... .......... .......... 80% 2.54M 38s
159550K .......... .......... .......... .......... .......... 80% 2.46M 38s
159600K .......... .......... .......... .......... .......... 80% 2.02M 38s
159650K .......... .......... .......... .......... .......... 80% 2.68M 38s
159700K .......... .......... .......... .......... .......... 80% 2.58M 38s
159750K .......... .......... .......... .......... .......... 80% 3.02M 38s
159800K .......... .......... .......... .......... .......... 80% 2.57M 38s
159850K .......... .......... .......... .......... .......... 80% 2.34M 38s
159900K .......... .......... .......... .......... .......... 80% 3.16M 38s
159950K .......... .......... .......... .......... .......... 80% 2.75M 38s
160000K .......... .......... .......... .......... .......... 80% 2.77M 38s
160050K .......... .......... .......... .......... .......... 80% 2.99M 38s
160100K .......... .......... .......... .......... .......... 80% 2.70M 38s
160150K .......... .......... .......... .......... .......... 80% 2.66M 38s
160200K .......... .......... .......... .......... .......... 80% 2.54M 38s
160250K .......... .......... .......... .......... .......... 80% 3.00M 37s
160300K .......... .......... .......... .......... .......... 80% 2.92M 37s
160350K .......... .......... .......... .......... .......... 81% 2.69M 37s
160400K .......... .......... .......... .......... .......... 81% 2.48M 37s
160450K .......... .......... .......... .......... .......... 81% 1.84M 37s
160500K .......... .......... .......... .......... .......... 81% 2.63M 37s
160550K .......... .......... .......... .......... .......... 81% 2.76M 37s
160600K .......... .......... .......... .......... .......... 81% 2.42M 37s
160650K .......... .......... .......... .......... .......... 81% 2.45M 37s
160700K .......... .......... .......... .......... .......... 81% 2.11M 37s
160750K .......... .......... .......... .......... .......... 81% 2.72M 37s
160800K .......... .......... .......... .......... .......... 81% 2.65M 37s
160850K .......... .......... .......... .......... .......... 81% 2.51M 37s
160900K .......... .......... .......... .......... .......... 81% 2.76M 37s
160950K .......... .......... .......... .......... .......... 81% 2.47M 37s
161000K .......... .......... .......... .......... .......... 81% 2.60M 37s
161050K .......... .......... .......... .......... .......... 81% 2.70M 37s
161100K .......... .......... .......... .......... .......... 81% 2.47M 37s
161150K .......... .......... .......... .......... .......... 81% 2.69M 36s
161200K .......... .......... .......... .......... .......... 81% 2.50M 36s
161250K .......... .......... .......... .......... .......... 81% 2.64M 36s
161300K .......... .......... .......... .......... .......... 81% 2.93M 36s
161350K .......... .......... .......... .......... .......... 81% 2.53M 36s
161400K .......... .......... .......... .......... .......... 81% 2.98M 36s
161450K .......... .......... .......... .......... .......... 81% 2.05M 36s
161500K .......... .......... .......... .......... .......... 81% 1.99M 36s
161550K .......... .......... .......... .......... .......... 81% 2.93M 36s
161600K .......... .......... .......... .......... .......... 81% 2.71M 36s
161650K .......... .......... .......... .......... .......... 81% 2.97M 36s
161700K .......... .......... .......... .......... .......... 81% 2.08M 36s
161750K .......... .......... .......... .......... .......... 81% 3.01M 36s
161800K .......... .......... .......... .......... .......... 81% 3.15M 36s
161850K .......... .......... .......... .......... .......... 81% 2.39M 36s
161900K .......... .......... .......... .......... .......... 81% 2.43M 36s
161950K .......... .......... .......... .......... .......... 81% 2.53M 36s
162000K .......... .......... .......... .......... .......... 81% 2.84M 35s
162050K .......... .......... .......... .......... .......... 81% 2.94M 35s
162100K .......... .......... .......... .......... .......... 81%  944K 35s
162150K .......... .......... .......... .......... .......... 81% 2.88M 35s
162200K .......... .......... .......... .......... .......... 81% 1.25M 35s
162250K .......... .......... .......... .......... .......... 81% 1.59M 35s
162300K .......... .......... .......... .......... .......... 82% 2.81M 35s
162350K .......... .......... .......... .......... .......... 82% 2.37M 35s
162400K .......... .......... .......... .......... .......... 82% 2.93M 35s
162450K .......... .......... .......... .......... .......... 82% 2.60M 35s
162500K .......... .......... .......... .......... .......... 82% 46.6K 35s
162550K .......... .......... .......... .......... .......... 82% 1.65M 35s
162600K .......... .......... .......... .......... .......... 82% 1.40M 35s
162650K .......... .......... .......... .......... .......... 82% 1.89M 35s
162700K .......... .......... .......... .......... .......... 82% 1.72M 35s
162750K .......... .......... .......... .......... .......... 82%  353K 35s
162800K .......... .......... .......... .......... .......... 82% 15.4K 36s
162850K .......... .......... .......... .......... .......... 82% 1.26M 36s
162900K .......... .......... .......... .......... .......... 82% 1.87M 35s
162950K .......... .......... .......... .......... .......... 82% 1.85M 35s
163000K .......... .......... .......... .......... .......... 82% 2.09M 35s
163050K .......... .......... .......... .......... .......... 82% 1.99M 35s
163100K .......... .......... .......... .......... .......... 82% 1.72M 35s
163150K .......... .......... .......... .......... .......... 82% 1.78M 35s
163200K .......... .......... .......... .......... .......... 82% 1.65M 35s
163250K .......... .......... .......... .......... .......... 82% 2.09M 35s
163300K .......... .......... .......... .......... .......... 82% 2.08M 35s
163350K .......... .......... .......... .......... .......... 82% 1.82M 35s
163400K .......... .......... .......... .......... .......... 82% 1.92M 35s
163450K .......... .......... .......... .......... .......... 82% 1.89M 35s
163500K .......... .......... .......... .......... .......... 82%  337K 35s
163550K .......... .......... .......... .......... .......... 82% 1.86M 35s
163600K .......... .......... .......... .......... .......... 82% 2.02M 35s
163650K .......... .......... .......... .......... .......... 82% 2.12M 35s
163700K .......... .......... .......... .......... .......... 82% 1.98M 35s
163750K .......... .......... .......... .......... .......... 82% 2.17M 35s
163800K .......... .......... .......... .......... .......... 82% 1.94M 34s
163850K .......... .......... .......... .......... .......... 82% 1.71M 34s
163900K .......... .......... .......... .......... .......... 82% 2.10M 34s
163950K .......... .......... .......... .......... .......... 82% 1.80M 34s
164000K .......... .......... .......... .......... .......... 82% 2.27M 34s
164050K .......... .......... .......... .......... .......... 82% 2.30M 34s
164100K .......... .......... .......... .......... .......... 82% 2.04M 34s
164150K .......... .......... .......... .......... .......... 82% 2.22M 34s
164200K .......... .......... .......... .......... .......... 82% 1.76M 34s
164250K .......... .......... .......... .......... .......... 82% 2.25M 34s
164300K .......... .......... .......... .......... .......... 83% 2.25M 34s
164350K .......... .......... .......... .......... .......... 83% 2.01M 34s
164400K .......... .......... .......... .......... .......... 83% 2.09M 34s
164450K .......... .......... .......... .......... .......... 83% 1.88M 34s
164500K .......... .......... .......... .......... .......... 83% 2.26M 34s
164550K .......... .......... .......... .......... .......... 83% 2.22M 34s
164600K .......... .......... .......... .......... .......... 83% 1.91M 34s
164650K .......... .......... .......... .......... .......... 83% 2.24M 34s
164700K .......... .......... .......... .......... .......... 83% 1.80M 33s
164750K .......... .......... .......... .......... .......... 83% 2.04M 33s
164800K .......... .......... .......... .......... .......... 83% 1.74M 33s
164850K .......... .......... .......... .......... .......... 83% 1.85M 33s
164900K .......... .......... .......... .......... .......... 83% 2.09M 33s
164950K .......... .......... .......... .......... .......... 83%  598K 33s
165000K .......... .......... .......... .......... .......... 83% 2.44M 33s
165050K .......... .......... .......... .......... .......... 83% 1.82M 33s
165100K .......... .......... .......... .......... .......... 83% 1.85M 33s
165150K .......... .......... .......... .......... .......... 83% 2.15M 33s
165200K .......... .......... .......... .......... .......... 83% 1.87M 33s
165250K .......... .......... .......... .......... .......... 83% 2.13M 33s
165300K .......... .......... .......... .......... .......... 83% 1.24M 33s
165350K .......... .......... .......... .......... .......... 83% 1.59M 33s
165400K .......... .......... .......... .......... .......... 83% 1.80M 33s
165450K .......... .......... .......... .......... .......... 83% 1.31M 33s
165500K .......... .......... .......... .......... .......... 83% 72.4K 33s
165550K .......... .......... .......... .......... .......... 83% 28.3K 33s
165600K .......... .......... .......... .......... .......... 83% 1.29M 33s
165650K .......... .......... .......... .......... .......... 83% 2.09M 33s
165700K .......... .......... .......... .......... .......... 83% 1.99M 33s
165750K .......... .......... .......... .......... .......... 83% 2.08M 33s
165800K .......... .......... .......... .......... .......... 83% 2.23M 33s
165850K .......... .......... .......... .......... .......... 83% 1.81M 33s
165900K .......... .......... .......... .......... .......... 83% 2.09M 33s
165950K .......... .......... .......... .......... .......... 83% 1.67M 33s
166000K .......... .......... .......... .......... .......... 83% 1.57M 33s
166050K .......... .......... .......... .......... .......... 83% 2.13M 32s
166100K .......... .......... .......... .......... .......... 83% 1.84M 32s
166150K .......... .......... .......... .......... .......... 83% 1.95M 32s
166200K .......... .......... .......... .......... .......... 83% 1.79M 32s
166250K .......... .......... .......... .......... .......... 83% 1.96M 32s
166300K .......... .......... .......... .......... .......... 84% 2.17M 32s
166350K .......... .......... .......... .......... .......... 84% 1.88M 32s
166400K .......... .......... .......... .......... .......... 84% 2.04M 32s
166450K .......... .......... .......... .......... .......... 84% 1.68M 32s
166500K .......... .......... .......... .......... .......... 84% 2.24M 32s
166550K .......... .......... .......... .......... .......... 84% 2.35M 32s
166600K .......... .......... .......... .......... .......... 84% 2.11M 32s
166650K .......... .......... .......... .......... .......... 84% 2.44M 32s
166700K .......... .......... .......... .......... .......... 84% 1.96M 32s
166750K .......... .......... .......... .......... .......... 84% 2.22M 32s
166800K .......... .......... .......... .......... .......... 84% 2.54M 32s
166850K .......... .......... .......... .......... .......... 84% 1.96M 32s
166900K .......... .......... .......... .......... .......... 84% 1.89M 32s
166950K .......... .......... .......... .......... .......... 84% 1.80M 31s
167000K .......... .......... .......... .......... .......... 84% 2.04M 31s
167050K .......... .......... .......... .......... .......... 84% 2.40M 31s
167100K .......... .......... .......... .......... .......... 84% 2.48M 31s
167150K .......... .......... .......... .......... .......... 84% 2.57M 31s
167200K .......... .......... .......... .......... .......... 84% 2.29M 31s
167250K .......... .......... .......... .......... .......... 84% 2.51M 31s
167300K .......... .......... .......... .......... .......... 84% 2.56M 31s
167350K .......... .......... .......... .......... .......... 84% 2.24M 31s
167400K .......... .......... .......... .......... .......... 84% 2.70M 31s
167450K .......... .......... .......... .......... .......... 84% 2.27M 31s
167500K .......... .......... .......... .......... .......... 84%  971K 31s
167550K .......... .......... .......... .......... .......... 84% 1.37M 31s
167600K .......... .......... .......... .......... .......... 84% 2.16M 31s
167650K .......... .......... .......... .......... .......... 84%  100K 31s
167700K .......... .......... .......... .......... .......... 84%  277K 31s
167750K .......... .......... .......... .......... .......... 84% 2.29M 31s
167800K .......... .......... .......... .......... .......... 84% 3.48M 31s
167850K .......... .......... .......... .......... .......... 84% 3.26M 31s
167900K .......... .......... .......... .......... .......... 84%  751K 31s
167950K .......... .......... .......... .......... .......... 84% 1.67M 30s
168000K .......... .......... .......... .......... .......... 84% 3.14M 30s
168050K .......... .......... .......... .......... .......... 84%  878K 30s
168100K .......... .......... .......... .......... .......... 84% 2.04M 30s
168150K .......... .......... .......... .......... .......... 84%  492K 30s
168200K .......... .......... .......... .......... .......... 84% 81.3K 30s
168250K .......... .......... .......... .......... .......... 85% 1.97M 30s
168300K .......... .......... .......... .......... .......... 85% 1.32M 30s
168350K .......... .......... .......... .......... .......... 85%  959K 30s
168400K .......... .......... .......... .......... .......... 85% 1.60M 30s
168450K .......... .......... .......... .......... .......... 85% 1.87M 30s
168500K .......... .......... .......... .......... .......... 85% 1.07M 30s
168550K .......... .......... .......... .......... .......... 85% 2.04M 30s
168600K .......... .......... .......... .......... .......... 85% 1.79M 30s
168650K .......... .......... .......... .......... .......... 85% 2.12M 30s
168700K .......... .......... .......... .......... .......... 85% 2.09M 30s
168750K .......... .......... .......... .......... .......... 85% 2.59M 30s
168800K .......... .......... .......... .......... .......... 85% 2.54M 30s
168850K .......... .......... .......... .......... .......... 85% 2.36M 30s
168900K .......... .......... .......... .......... .......... 85% 2.65M 30s
168950K .......... .......... .......... .......... .......... 85% 1.96M 29s
169000K .......... .......... .......... .......... .......... 85% 2.82M 29s
169050K .......... .......... .......... .......... .......... 85% 2.69M 29s
169100K .......... .......... .......... .......... .......... 85% 2.66M 29s
169150K .......... .......... .......... .......... .......... 85% 2.18M 29s
169200K .......... .......... .......... .......... .......... 85% 2.08M 29s
169250K .......... .......... .......... .......... .......... 85% 2.09M 29s
169300K .......... .......... .......... .......... .......... 85% 2.18M 29s
169350K .......... .......... .......... .......... .......... 85% 2.21M 29s
169400K .......... .......... .......... .......... .......... 85% 1.84M 29s
169450K .......... .......... .......... .......... .......... 85% 1.66M 29s
169500K .......... .......... .......... .......... .......... 85%  605K 29s
169550K .......... .......... .......... .......... .......... 85% 2.81M 29s
169600K .......... .......... .......... .......... .......... 85% 2.30M 29s
169650K .......... .......... .......... .......... .......... 85% 2.50M 29s
169700K .......... .......... .......... .......... .......... 85% 2.38M 29s
169750K .......... .......... .......... .......... .......... 85% 2.67M 29s
169800K .......... .......... .......... .......... .......... 85% 2.42M 29s
169850K .......... .......... .......... .......... .......... 85% 1.95M 28s
169900K .......... .......... .......... .......... .......... 85% 1.81M 28s
169950K .......... .......... .......... .......... .......... 85% 2.15M 28s
170000K .......... .......... .......... .......... .......... 85% 2.97M 28s
170050K .......... .......... .......... .......... .......... 85% 3.09M 28s
170100K .......... .......... .......... .......... .......... 85% 2.85M 28s
170150K .......... .......... .......... .......... .......... 85% 2.08M 28s
170200K .......... .......... .......... .......... .......... 85%  757K 28s
170250K .......... .......... .......... .......... .......... 86% 2.51M 28s
170300K .......... .......... .......... .......... .......... 86% 2.03M 28s
170350K .......... .......... .......... .......... .......... 86% 2.93M 28s
170400K .......... .......... .......... .......... .......... 86% 3.25M 28s
170450K .......... .......... .......... .......... .......... 86% 2.82M 28s
170500K .......... .......... .......... .......... .......... 86% 2.17M 28s
170550K .......... .......... .......... .......... .......... 86% 2.37M 28s
170600K .......... .......... .......... .......... .......... 86% 2.80M 28s
170650K .......... .......... .......... .......... .......... 86% 2.58M 28s
170700K .......... .......... .......... .......... .......... 86% 2.74M 28s
170750K .......... .......... .......... .......... .......... 86% 3.04M 27s
170800K .......... .......... .......... .......... .......... 86% 2.86M 27s
170850K .......... .......... .......... .......... .......... 86%  586K 27s
170900K .......... .......... .......... .......... .......... 86% 2.98M 27s
170950K .......... .......... .......... .......... .......... 86% 2.57M 27s
171000K .......... .......... .......... .......... .......... 86% 2.23M 27s
171050K .......... .......... .......... .......... .......... 86% 3.16M 27s
171100K .......... .......... .......... .......... .......... 86% 1.73M 27s
171150K .......... .......... .......... .......... .......... 86% 2.93M 27s
171200K .......... .......... .......... .......... .......... 86% 2.76M 27s
171250K .......... .......... .......... .......... .......... 86% 3.00M 27s
171300K .......... .......... .......... .......... .......... 86% 1.86M 27s
171350K .......... .......... .......... .......... .......... 86% 1.56M 27s
171400K .......... .......... .......... .......... .......... 86% 1.72M 27s
171450K .......... .......... .......... .......... .......... 86% 1.81M 27s
171500K .......... .......... .......... .......... .......... 86% 2.25M 27s
171550K .......... .......... .......... .......... .......... 86% 1.27M 27s
171600K .......... .......... .......... .......... .......... 86% 2.02M 27s
171650K .......... .......... .......... .......... .......... 86% 2.19M 27s
171700K .......... .......... .......... .......... .......... 86% 1.84M 26s
171750K .......... .......... .......... .......... .......... 86% 1.82M 26s
171800K .......... .......... .......... .......... .......... 86% 2.59M 26s
171850K .......... .......... .......... .......... .......... 86% 1.60M 26s
171900K .......... .......... .......... .......... .......... 86% 1.68M 26s
171950K .......... .......... .......... .......... .......... 86%  984K 26s
172000K .......... .......... .......... .......... .......... 86% 2.08M 26s
172050K .......... .......... .......... .......... .......... 86% 2.26M 26s
172100K .......... .......... .......... .......... .......... 86% 2.29M 26s
172150K .......... .......... .......... .......... .......... 86% 2.81M 26s
172200K .......... .......... .......... .......... .......... 87% 2.38M 26s
172250K .......... .......... .......... .......... .......... 87% 2.36M 26s
172300K .......... .......... .......... .......... .......... 87% 1.94M 26s
172350K .......... .......... .......... .......... .......... 87% 1.26M 26s
172400K .......... .......... .......... .......... .......... 87% 2.55M 26s
172450K .......... .......... .......... .......... .......... 87% 2.40M 26s
172500K .......... .......... .......... .......... .......... 87% 2.03M 26s
172550K .......... .......... .......... .......... .......... 87% 1.76M 26s
172600K .......... .......... .......... .......... .......... 87% 1.95M 25s
172650K .......... .......... .......... .......... .......... 87% 1.89M 25s
172700K .......... .......... .......... .......... .......... 87% 2.05M 25s
172750K .......... .......... .......... .......... .......... 87% 2.47M 25s
172800K .......... .......... .......... .......... .......... 87% 2.52M 25s
172850K .......... .......... .......... .......... .......... 87% 2.30M 25s
172900K .......... .......... .......... .......... .......... 87% 2.90M 25s
172950K .......... .......... .......... .......... .......... 87% 2.35M 25s
173000K .......... .......... .......... .......... .......... 87% 2.43M 25s
173050K .......... .......... .......... .......... .......... 87% 2.56M 25s
173100K .......... .......... .......... .......... .......... 87% 1.63M 25s
173150K .......... .......... .......... .......... .......... 87% 2.27M 25s
173200K .......... .......... .......... .......... .......... 87% 2.17M 25s
173250K .......... .......... .......... .......... .......... 87% 2.97M 25s
173300K .......... .......... .......... .......... .......... 87% 2.50M 25s
173350K .......... .......... .......... .......... .......... 87% 1.94M 25s
173400K .......... .......... .......... .......... .......... 87% 2.80M 25s
173450K .......... .......... .......... .......... .......... 87% 2.17M 25s
173500K .......... .......... .......... .......... .......... 87% 2.70M 25s
173550K .......... .......... .......... .......... .......... 87% 2.79M 24s
173600K .......... .......... .......... .......... .......... 87% 1.91M 24s
173650K .......... .......... .......... .......... .......... 87% 2.14M 24s
173700K .......... .......... .......... .......... .......... 87%  882K 24s
173750K .......... .......... .......... .......... .......... 87% 2.00M 24s
173800K .......... .......... .......... .......... .......... 87% 1.88M 24s
173850K .......... .......... .......... .......... .......... 87% 1.28M 24s
173900K .......... .......... .......... .......... .......... 87% 2.72M 24s
173950K .......... .......... .......... .......... .......... 87% 1.98M 24s
174000K .......... .......... .......... .......... .......... 87% 2.04M 24s
174050K .......... .......... .......... .......... .......... 87% 2.09M 24s
174100K .......... .......... .......... .......... .......... 87% 2.20M 24s
174150K .......... .......... .......... .......... .......... 87% 2.07M 24s
174200K .......... .......... .......... .......... .......... 88% 1.98M 24s
174250K .......... .......... .......... .......... .......... 88% 2.25M 24s
174300K .......... .......... .......... .......... .......... 88% 2.34M 24s
174350K .......... .......... .......... .......... .......... 88% 1.53M 24s
174400K .......... .......... .......... .......... .......... 88% 1.37M 24s
174450K .......... .......... .......... .......... .......... 88% 1.75M 24s
174500K .......... .......... .......... .......... .......... 88% 2.43M 23s
174550K .......... .......... .......... .......... .......... 88% 2.33M 23s
174600K .......... .......... .......... .......... .......... 88% 1.74M 23s
174650K .......... .......... .......... .......... .......... 88% 2.31M 23s
174700K .......... .......... .......... .......... .......... 88% 2.08M 23s
174750K .......... .......... .......... .......... .......... 88% 2.61M 23s
174800K .......... .......... .......... .......... .......... 88% 2.94M 23s
174850K .......... .......... .......... .......... .......... 88% 2.28M 23s
174900K .......... .......... .......... .......... .......... 88% 2.30M 23s
174950K .......... .......... .......... .......... .......... 88% 2.28M 23s
175000K .......... .......... .......... .......... .......... 88% 2.36M 23s
175050K .......... .......... .......... .......... .......... 88% 2.19M 23s
175100K .......... .......... .......... .......... .......... 88% 2.22M 23s
175150K .......... .......... .......... .......... .......... 88% 2.43M 23s
175200K .......... .......... .......... .......... .......... 88% 2.35M 23s
175250K .......... .......... .......... .......... .......... 88% 2.36M 23s
175300K .......... .......... .......... .......... .......... 88% 2.66M 23s
175350K .......... .......... .......... .......... .......... 88% 2.28M 23s
175400K .......... .......... .......... .......... .......... 88% 2.12M 22s
175450K .......... .......... .......... .......... .......... 88% 2.24M 22s
175500K .......... .......... .......... .......... .......... 88% 1.37M 22s
175550K .......... .......... .......... .......... .......... 88%  337K 22s
175600K .......... .......... .......... .......... .......... 88% 2.10M 22s
175650K .......... .......... .......... .......... .......... 88% 2.68M 22s
175700K .......... .......... .......... .......... .......... 88% 2.06M 22s
175750K .......... .......... .......... .......... .......... 88% 2.50M 22s
175800K .......... .......... .......... .......... .......... 88% 2.64M 22s
175850K .......... .......... .......... .......... .......... 88% 1.98M 22s
175900K .......... .......... .......... .......... .......... 88% 2.76M 22s
175950K .......... .......... .......... .......... .......... 88% 2.02M 22s
176000K .......... .......... .......... .......... .......... 88% 1.96M 22s
176050K .......... .......... .......... .......... .......... 88% 2.32M 22s
176100K .......... .......... .......... .......... .......... 88% 2.46M 22s
176150K .......... .......... .......... .......... .......... 88% 2.20M 22s
176200K .......... .......... .......... .......... .......... 89%  988K 22s
176250K .......... .......... .......... .......... .......... 89% 1.25M 22s
176300K .......... .......... .......... .......... .......... 89%  950K 22s
176350K .......... .......... .......... .......... .......... 89% 1.70M 21s
176400K .......... .......... .......... .......... .......... 89% 2.24M 21s
176450K .......... .......... .......... .......... .......... 89% 2.22M 21s
176500K .......... .......... .......... .......... .......... 89% 2.57M 21s
176550K .......... .......... .......... .......... .......... 89% 1.72M 21s
176600K .......... .......... .......... .......... .......... 89% 2.00M 21s
176650K .......... .......... .......... .......... .......... 89% 2.00M 21s
176700K .......... .......... .......... .......... .......... 89% 1.15M 21s
176750K .......... .......... .......... .......... .......... 89% 1.76M 21s
176800K .......... .......... .......... .......... .......... 89% 2.08M 21s
176850K .......... .......... .......... .......... .......... 89% 1.80M 21s
176900K .......... .......... .......... .......... .......... 89% 2.22M 21s
176950K .......... .......... .......... .......... .......... 89% 1.40M 21s
177000K .......... .......... .......... .......... .......... 89% 1.69M 21s
177050K .......... .......... .......... .......... .......... 89% 2.05M 21s
177100K .......... .......... .......... .......... .......... 89% 1.71M 21s
177150K .......... .......... .......... .......... .......... 89% 2.13M 21s
177200K .......... .......... .......... .......... .......... 89% 1.79M 21s
177250K .......... .......... .......... .......... .......... 89% 2.33M 21s
177300K .......... .......... .......... .......... .......... 89% 2.53M 20s
177350K .......... .......... .......... .......... .......... 89% 1.94M 20s
177400K .......... .......... .......... .......... .......... 89% 2.25M 20s
177450K .......... .......... .......... .......... .......... 89% 2.13M 20s
177500K .......... .......... .......... .......... .......... 89% 1.96M 20s
177550K .......... .......... .......... .......... .......... 89% 2.67M 20s
177600K .......... .......... .......... .......... .......... 89% 1.90M 20s
177650K .......... .......... .......... .......... .......... 89% 1.57M 20s
177700K .......... .......... .......... .......... .......... 89% 1.95M 20s
177750K .......... .......... .......... .......... .......... 89% 2.07M 20s
177800K .......... .......... .......... .......... .......... 89% 2.10M 20s
177850K .......... .......... .......... .......... .......... 89% 2.13M 20s
177900K .......... .......... .......... .......... .......... 89% 2.46M 20s
177950K .......... .......... .......... .......... .......... 89% 2.03M 20s
178000K .......... .......... .......... .......... .......... 89% 2.41M 20s
178050K .......... .......... .......... .......... .......... 89% 1.95M 20s
178100K .......... .......... .......... .......... .......... 89% 1.98M 20s
178150K .......... .......... .......... .......... .......... 90% 2.63M 20s
178200K .......... .......... .......... .......... .......... 90% 2.28M 20s
178250K .......... .......... .......... .......... .......... 90% 2.65M 19s
178300K .......... .......... .......... .......... .......... 90% 2.63M 19s
178350K .......... .......... .......... .......... .......... 90% 1.95M 19s
178400K .......... .......... .......... .......... .......... 90% 2.22M 19s
178450K .......... .......... .......... .......... .......... 90% 2.07M 19s
178500K .......... .......... .......... .......... .......... 90% 2.56M 19s
178550K .......... .......... .......... .......... .......... 90% 1.72M 19s
178600K .......... .......... .......... .......... .......... 90% 1.66M 19s
178650K .......... .......... .......... .......... .......... 90% 2.42M 19s
178700K .......... .......... .......... .......... .......... 90% 2.16M 19s
178750K .......... .......... .......... .......... .......... 90% 2.51M 19s
178800K .......... .......... .......... .......... .......... 90% 2.52M 19s
178850K .......... .......... .......... .......... .......... 90% 1.68M 19s
178900K .......... .......... .......... .......... .......... 90% 2.22M 19s
178950K .......... .......... .......... .......... .......... 90% 2.14M 19s
179000K .......... .......... .......... .......... .......... 90% 3.35M 19s
179050K .......... .......... .......... .......... .......... 90% 2.84M 19s
179100K .......... .......... .......... .......... .......... 90% 2.40M 19s
179150K .......... .......... .......... .......... .......... 90% 2.76M 19s
179200K .......... .......... .......... .......... .......... 90% 2.10M 18s
179250K .......... .......... .......... .......... .......... 90% 2.78M 18s
179300K .......... .......... .......... .......... .......... 90% 2.54M 18s
179350K .......... .......... .......... .......... .......... 90% 2.07M 18s
179400K .......... .......... .......... .......... .......... 90% 2.79M 18s
179450K .......... .......... .......... .......... .......... 90% 2.40M 18s
179500K .......... .......... .......... .......... .......... 90% 2.77M 18s
179550K .......... .......... .......... .......... .......... 90% 2.65M 18s
179600K .......... .......... .......... .......... .......... 90% 2.55M 18s
179650K .......... .......... .......... .......... .......... 90% 2.61M 18s
179700K .......... .......... .......... .......... .......... 90% 2.37M 18s
179750K .......... .......... .......... .......... .......... 90% 2.28M 18s
179800K .......... .......... .......... .......... .......... 90% 2.52M 18s
179850K .......... .......... .......... .......... .......... 90% 1.21M 18s
179900K .......... .......... .......... .......... .......... 90% 2.52M 18s
179950K .......... .......... .......... .......... .......... 90% 2.21M 18s
180000K .......... .......... .......... .......... .......... 90% 2.50M 18s
180050K .......... .......... .......... .......... .......... 90% 2.75M 18s
180100K .......... .......... .......... .......... .......... 90% 2.41M 18s
180150K .......... .......... .......... .......... .......... 91% 1.24M 18s
180200K .......... .......... .......... .......... .......... 91% 2.19M 17s
180250K .......... .......... .......... .......... .......... 91% 2.55M 17s
180300K .......... .......... .......... .......... .......... 91% 2.73M 17s
180350K .......... .......... .......... .......... .......... 91% 1.44M 17s
180400K .......... .......... .......... .......... .......... 91% 2.70M 17s
180450K .......... .......... .......... .......... .......... 91% 2.10M 17s
180500K .......... .......... .......... .......... .......... 91% 2.68M 17s
180550K .......... .......... .......... .......... .......... 91% 2.56M 17s
180600K .......... .......... .......... .......... .......... 91% 1.81M 17s
180650K .......... .......... .......... .......... .......... 91% 2.55M 17s
180700K .......... .......... .......... .......... .......... 91% 2.03M 17s
180750K .......... .......... .......... .......... .......... 91% 2.73M 17s
180800K .......... .......... .......... .......... .......... 91% 2.25M 17s
180850K .......... .......... .......... .......... .......... 91% 2.04M 17s
180900K .......... .......... .......... .......... .......... 91% 2.32M 17s
180950K .......... .......... .......... .......... .......... 91% 2.26M 17s
181000K .......... .......... .......... .......... .......... 91% 2.67M 17s
181050K .......... .......... .......... .......... .......... 91% 2.84M 17s
181100K .......... .......... .......... .......... .......... 91% 2.50M 17s
181150K .......... .......... .......... .......... .......... 91% 2.38M 16s
181200K .......... .......... .......... .......... .......... 91% 1.63M 16s
181250K .......... .......... .......... .......... .......... 91% 2.58M 16s
181300K .......... .......... .......... .......... .......... 91% 2.33M 16s
181350K .......... .......... .......... .......... .......... 91% 2.06M 16s
181400K .......... .......... .......... .......... .......... 91% 2.55M 16s
181450K .......... .......... .......... .......... .......... 91% 1.99M 16s
181500K .......... .......... .......... .......... .......... 91% 1.15M 16s
181550K .......... .......... .......... .......... .......... 91% 2.91M 16s
181600K .......... .......... .......... .......... .......... 91% 2.35M 16s
181650K .......... .......... .......... .......... .......... 91% 2.82M 16s
181700K .......... .......... .......... .......... .......... 91% 2.45M 16s
181750K .......... .......... .......... .......... .......... 91% 2.02M 16s
181800K .......... .......... .......... .......... .......... 91% 2.73M 16s
181850K .......... .......... .......... .......... .......... 91% 2.29M 16s
181900K .......... .......... .......... .......... .......... 91% 1.68M 16s
181950K .......... .......... .......... .......... .......... 91% 1.33M 16s
182000K .......... .......... .......... .......... .......... 91% 2.27M 16s
182050K .......... .......... .......... .......... .......... 91% 2.15M 16s
182100K .......... .......... .......... .......... .......... 92% 1.77M 15s
182150K .......... .......... .......... .......... .......... 92% 2.41M 15s
182200K .......... .......... .......... .......... .......... 92% 2.20M 15s
182250K .......... .......... .......... .......... .......... 92% 2.29M 15s
182300K .......... .......... .......... .......... .......... 92% 2.52M 15s
182350K .......... .......... .......... .......... .......... 92% 2.49M 15s
182400K .......... .......... .......... .......... .......... 92% 2.68M 15s
182450K .......... .......... .......... .......... .......... 92% 1.65M 15s
182500K .......... .......... .......... .......... .......... 92% 2.64M 15s
182550K .......... .......... .......... .......... .......... 92% 2.86M 15s
182600K .......... .......... .......... .......... .......... 92% 2.39M 15s
182650K .......... .......... .......... .......... .......... 92% 2.59M 15s
182700K .......... .......... .......... .......... .......... 92% 2.29M 15s
182750K .......... .......... .......... .......... .......... 92% 2.65M 15s
182800K .......... .......... .......... .......... .......... 92% 2.39M 15s
182850K .......... .......... .......... .......... .......... 92% 2.18M 15s
182900K .......... .......... .......... .......... .......... 92% 2.54M 15s
182950K .......... .......... .......... .......... .......... 92% 2.38M 15s
183000K .......... .......... .......... .......... .......... 92% 2.64M 15s
183050K .......... .......... .......... .......... .......... 92% 2.78M 15s
183100K .......... .......... .......... .......... .......... 92% 2.22M 14s
183150K .......... .......... .......... .......... .......... 92% 2.69M 14s
183200K .......... .......... .......... .......... .......... 92% 2.36M 14s
183250K .......... .......... .......... .......... .......... 92% 2.63M 14s
183300K .......... .......... .......... .......... .......... 92% 1.02M 14s
183350K .......... .......... .......... .......... .......... 92% 1.96M 14s
183400K .......... .......... .......... .......... .......... 92% 2.34M 14s
183450K .......... .......... .......... .......... .......... 92% 2.13M 14s
183500K .......... .......... .......... .......... .......... 92% 2.79M 14s
183550K .......... .......... .......... .......... .......... 92% 2.58M 14s
183600K .......... .......... .......... .......... .......... 92% 2.17M 14s
183650K .......... .......... .......... .......... .......... 92% 2.78M 14s
183700K .......... .......... .......... .......... .......... 92% 2.58M 14s
183750K .......... .......... .......... .......... .......... 92% 2.76M 14s
183800K .......... .......... .......... .......... .......... 92% 2.73M 14s
183850K .......... .......... .......... .......... .......... 92% 2.25M 14s
183900K .......... .......... .......... .......... .......... 92% 2.47M 14s
183950K .......... .......... .......... .......... .......... 92% 2.24M 14s
184000K .......... .......... .......... .......... .......... 92% 2.62M 14s
184050K .......... .......... .......... .......... .......... 92% 2.81M 14s
184100K .......... .......... .......... .......... .......... 93%  389K 13s
184150K .......... .......... .......... .......... .......... 93% 2.93M 13s
184200K .......... .......... .......... .......... .......... 93% 2.91M 13s
184250K .......... .......... .......... .......... .......... 93% 2.79M 13s
184300K .......... .......... .......... .......... .......... 93% 3.03M 13s
184350K .......... .......... .......... .......... .......... 93% 2.62M 13s
184400K .......... .......... .......... .......... .......... 93% 3.20M 13s
184450K .......... .......... .......... .......... .......... 93% 2.59M 13s
184500K .......... .......... .......... .......... .......... 93% 3.13M 13s
184550K .......... .......... .......... .......... .......... 93% 2.89M 13s
184600K .......... .......... .......... .......... .......... 93% 2.48M 13s
184650K .......... .......... .......... .......... .......... 93% 3.15M 13s
184700K .......... .......... .......... .......... .......... 93% 2.88M 13s
184750K .......... .......... .......... .......... .......... 93% 3.52M 13s
184800K .......... .......... .......... .......... .......... 93% 3.37M 13s
184850K .......... .......... .......... .......... .......... 93% 2.76M 13s
184900K .......... .......... .......... .......... .......... 93% 3.14M 13s
184950K .......... .......... .......... .......... .......... 93% 2.64M 13s
185000K .......... .......... .......... .......... .......... 93% 3.39M 13s
185050K .......... .......... .......... .......... .......... 93% 2.75M 12s
185100K .......... .......... .......... .......... .......... 93% 2.58M 12s
185150K .......... .......... .......... .......... .......... 93% 3.16M 12s
185200K .......... .......... .......... .......... .......... 93% 2.80M 12s
185250K .......... .......... .......... .......... .......... 93% 2.79M 12s
185300K .......... .......... .......... .......... .......... 93% 3.21M 12s
185350K .......... .......... .......... .......... .......... 93% 2.94M 12s
185400K .......... .......... .......... .......... .......... 93% 3.19M 12s
185450K .......... .......... .......... .......... .......... 93% 2.30M 12s
185500K .......... .......... .......... .......... .......... 93% 3.38M 12s
185550K .......... .......... .......... .......... .......... 93% 3.35M 12s
185600K .......... .......... .......... .......... .......... 93% 2.84M 12s
185650K .......... .......... .......... .......... .......... 93% 3.32M 12s
185700K .......... .......... .......... .......... .......... 93% 2.75M 12s
185750K .......... .......... .......... .......... .......... 93% 3.08M 12s
185800K .......... .......... .......... .......... .......... 93% 2.97M 12s
185850K .......... .......... .......... .......... .......... 93% 2.77M 12s
185900K .......... .......... .......... .......... .......... 93% 2.59M 12s
185950K .......... .......... .......... .......... .......... 93% 2.67M 12s
186000K .......... .......... .......... .......... .......... 93% 3.22M 12s
186050K .......... .......... .......... .......... .......... 93% 2.97M 11s
186100K .......... .......... .......... .......... .......... 94% 2.84M 11s
186150K .......... .......... .......... .......... .......... 94% 3.13M 11s
186200K .......... .......... .......... .......... .......... 94% 2.40M 11s
186250K .......... .......... .......... .......... .......... 94% 2.76M 11s
186300K .......... .......... .......... .......... .......... 94% 2.98M 11s
186350K .......... .......... .......... .......... .......... 94% 2.95M 11s
186400K .......... .......... .......... .......... .......... 94% 3.36M 11s
186450K .......... .......... .......... .......... .......... 94% 3.05M 11s
186500K .......... .......... .......... .......... .......... 94% 3.34M 11s
186550K .......... .......... .......... .......... .......... 94% 3.52M 11s
186600K .......... .......... .......... .......... .......... 94% 2.60M 11s
186650K .......... .......... .......... .......... .......... 94% 3.22M 11s
186700K .......... .......... .......... .......... .......... 94% 2.87M 11s
186750K .......... .......... .......... .......... .......... 94% 3.09M 11s
186800K .......... .......... .......... .......... .......... 94% 3.03M 11s
186850K .......... .......... .......... .......... .......... 94% 2.88M 11s
186900K .......... .......... .......... .......... .......... 94% 3.06M 11s
186950K .......... .......... .......... .......... .......... 94% 2.70M 11s
187000K .......... .......... .......... .......... .......... 94% 2.92M 11s
187050K .......... .......... .......... .......... .......... 94% 3.37M 10s
187100K .......... .......... .......... .......... .......... 94% 2.53M 10s
187150K .......... .......... .......... .......... .......... 94% 2.78M 10s
187200K .......... .......... .......... .......... .......... 94% 2.62M 10s
187250K .......... .......... .......... .......... .......... 94% 2.68M 10s
187300K .......... .......... .......... .......... .......... 94% 2.59M 10s
187350K .......... .......... .......... .......... .......... 94% 2.77M 10s
187400K .......... .......... .......... .......... .......... 94% 3.32M 10s
187450K .......... .......... .......... .......... .......... 94% 2.78M 10s
187500K .......... .......... .......... .......... .......... 94% 3.76M 10s
187550K .......... .......... .......... .......... .......... 94% 3.60M 10s
187600K .......... .......... .......... .......... .......... 94% 2.67M 10s
187650K .......... .......... .......... .......... .......... 94% 3.10M 10s
187700K .......... .......... .......... .......... .......... 94% 2.61M 10s
187750K .......... .......... .......... .......... .......... 94% 3.10M 10s
187800K .......... .......... .......... .......... .......... 94% 3.30M 10s
187850K .......... .......... .......... .......... .......... 94% 2.67M 10s
187900K .......... .......... .......... .......... .......... 94% 2.92M 10s
187950K .......... .......... .......... .......... .......... 94% 2.79M 10s
188000K .......... .......... .......... .......... .......... 94% 2.97M 10s
188050K .......... .......... .......... .......... .......... 95% 2.84M 9s
188100K .......... .......... .......... .......... .......... 95% 3.00M 9s
188150K .......... .......... .......... .......... .......... 95% 1.56M 9s
188200K .......... .......... .......... .......... .......... 95%  628K 9s
188250K .......... .......... .......... .......... .......... 95% 3.21M 9s
188300K .......... .......... .......... .......... .......... 95% 3.36M 9s
188350K .......... .......... .......... .......... .......... 95% 2.68M 9s
188400K .......... .......... .......... .......... .......... 95% 3.29M 9s
188450K .......... .......... .......... .......... .......... 95% 2.83M 9s
188500K .......... .......... .......... .......... .......... 95% 2.87M 9s
188550K .......... .......... .......... .......... .......... 95% 3.21M 9s
188600K .......... .......... .......... .......... .......... 95% 2.53M 9s
188650K .......... .......... .......... .......... .......... 95% 3.18M 9s
188700K .......... .......... .......... .......... .......... 95% 2.67M 9s
188750K .......... .......... .......... .......... .......... 95% 3.18M 9s
188800K .......... .......... .......... .......... .......... 95% 2.81M 9s
188850K .......... .......... .......... .......... .......... 95% 2.11M 9s
188900K .......... .......... .......... .......... .......... 95% 2.20M 9s
188950K .......... .......... .......... .......... .......... 95% 2.03M 9s
189000K .......... .......... .......... .......... .......... 95% 2.81M 9s
189050K .......... .......... .......... .......... .......... 95% 2.78M 9s
189100K .......... .......... .......... .......... .......... 95% 2.71M 8s
189150K .......... .......... .......... .......... .......... 95% 2.61M 8s
189200K .......... .......... .......... .......... .......... 95% 2.61M 8s
189250K .......... .......... .......... .......... .......... 95% 2.81M 8s
189300K .......... .......... .......... .......... .......... 95% 3.24M 8s
189350K .......... .......... .......... .......... .......... 95% 2.64M 8s
189400K .......... .......... .......... .......... .......... 95%  765K 8s
189450K .......... .......... .......... .......... .......... 95% 2.75M 8s
189500K .......... .......... .......... .......... .......... 95% 2.93M 8s
189550K .......... .......... .......... .......... .......... 95% 3.24M 8s
189600K .......... .......... .......... .......... .......... 95% 2.85M 8s
189650K .......... .......... .......... .......... .......... 95% 3.09M 8s
189700K .......... .......... .......... .......... .......... 95% 2.57M 8s
189750K .......... .......... .......... .......... .......... 95% 3.62M 8s
189800K .......... .......... .......... .......... .......... 95% 2.77M 8s
189850K .......... .......... .......... .......... .......... 95% 2.61M 8s
189900K .......... .......... .......... .......... .......... 95% 2.68M 8s
189950K .......... .......... .......... .......... .......... 95% 2.86M 8s
190000K .......... .......... .......... .......... .......... 95% 2.57M 8s
190050K .......... .......... .......... .......... .......... 96% 3.05M 8s
190100K .......... .......... .......... .......... .......... 96% 2.60M 7s
190150K .......... .......... .......... .......... .......... 96% 3.29M 7s
190200K .......... .......... .......... .......... .......... 96% 2.42M 7s
190250K .......... .......... .......... .......... .......... 96% 2.92M 7s
190300K .......... .......... .......... .......... .......... 96% 2.87M 7s
190350K .......... .......... .......... .......... .......... 96% 2.66M 7s
190400K .......... .......... .......... .......... .......... 96% 3.08M 7s
190450K .......... .......... .......... .......... .......... 96% 2.43M 7s
190500K .......... .......... .......... .......... .......... 96% 2.58M 7s
190550K .......... .......... .......... .......... .......... 96% 3.09M 7s
190600K .......... .......... .......... .......... .......... 96% 2.59M 7s
190650K .......... .......... .......... .......... .......... 96% 3.13M 7s
190700K .......... .......... .......... .......... .......... 96% 2.59M 7s
190750K .......... .......... .......... .......... .......... 96% 2.82M 7s
190800K .......... .......... .......... .......... .......... 96% 3.00M 7s
190850K .......... .......... .......... .......... .......... 96% 2.58M 7s
190900K .......... .......... .......... .......... .......... 96% 3.00M 7s
190950K .......... .......... .......... .......... .......... 96% 2.62M 7s
191000K .......... .......... .......... .......... .......... 96% 3.07M 7s
191050K .......... .......... .......... .......... .......... 96% 2.83M 7s
191100K .......... .......... .......... .......... .......... 96% 2.90M 6s
191150K .......... .......... .......... .......... .......... 96% 2.99M 6s
191200K .......... .......... .......... .......... .......... 96% 2.53M 6s
191250K .......... .......... .......... .......... .......... 96% 2.85M 6s
191300K .......... .......... .......... .......... .......... 96% 2.93M 6s
191350K .......... .......... .......... .......... .......... 96% 2.66M 6s
191400K .......... .......... .......... .......... .......... 96% 2.88M 6s
191450K .......... .......... .......... .......... .......... 96% 2.76M 6s
191500K .......... .......... .......... .......... .......... 96% 2.47M 6s
191550K .......... .......... .......... .......... .......... 96% 2.80M 6s
191600K .......... .......... .......... .......... .......... 96% 2.92M 6s
191650K .......... .......... .......... .......... .......... 96% 3.05M 6s
191700K .......... .......... .......... .......... .......... 96% 2.78M 6s
191750K .......... .......... .......... .......... .......... 96% 2.89M 6s
191800K .......... .......... .......... .......... .......... 96% 3.24M 6s
191850K .......... .......... .......... .......... .......... 96% 2.62M 6s
191900K .......... .......... .......... .......... .......... 96% 3.09M 6s
191950K .......... .......... .......... .......... .......... 96% 2.42M 6s
192000K .......... .......... .......... .......... .......... 97% 2.98M 6s
192050K .......... .......... .......... .......... .......... 97% 2.83M 6s
192100K .......... .......... .......... .......... .......... 97% 2.75M 6s
192150K .......... .......... .......... .......... .......... 97% 2.96M 5s
192200K .......... .......... .......... .......... .......... 97% 2.34M 5s
192250K .......... .......... .......... .......... .......... 97% 3.00M 5s
192300K .......... .......... .......... .......... .......... 97% 3.20M 5s
192350K .......... .......... .......... .......... .......... 97% 2.87M 5s
192400K .......... .......... .......... .......... .......... 97% 3.04M 5s
192450K .......... .......... .......... .......... .......... 97% 2.06M 5s
192500K .......... .......... .......... .......... .......... 97% 2.95M 5s
192550K .......... .......... .......... .......... .......... 97% 3.02M 5s
192600K .......... .......... .......... .......... .......... 97% 2.65M 5s
192650K .......... .......... .......... .......... .......... 97% 3.00M 5s
192700K .......... .......... .......... .......... .......... 97% 2.64M 5s
192750K .......... .......... .......... .......... .......... 97% 2.98M 5s
192800K .......... .......... .......... .......... .......... 97% 3.09M 5s
192850K .......... .......... .......... .......... .......... 97% 2.21M 5s
192900K .......... .......... .......... .......... .......... 97% 3.10M 5s
192950K .......... .......... .......... .......... .......... 97% 2.94M 5s
193000K .......... .......... .......... .......... .......... 97% 3.15M 5s
193050K .......... .......... .......... .......... .......... 97% 2.90M 5s
193100K .......... .......... .......... .......... .......... 97% 2.71M 5s
193150K .......... .......... .......... .......... .......... 97% 2.87M 5s
193200K .......... .......... .......... .......... .......... 97% 2.53M 4s
193250K .......... .......... .......... .......... .......... 97% 3.09M 4s
193300K .......... .......... .......... .......... .......... 97% 2.95M 4s
193350K .......... .......... .......... .......... .......... 97% 2.66M 4s
193400K .......... .......... .......... .......... .......... 97% 2.91M 4s
193450K .......... .......... .......... .......... .......... 97% 2.45M 4s
193500K .......... .......... .......... .......... .......... 97% 2.94M 4s
193550K .......... .......... .......... .......... .......... 97% 2.89M 4s
193600K .......... .......... .......... .......... .......... 97%  160K 4s
193650K .......... .......... .......... .......... .......... 97% 3.02M 4s
193700K .......... .......... .......... .......... .......... 97% 2.68M 4s
193750K .......... .......... .......... .......... .......... 97% 3.06M 4s
193800K .......... .......... .......... .......... .......... 97% 2.92M 4s
193850K .......... .......... .......... .......... .......... 97% 2.60M 4s
193900K .......... .......... .......... .......... .......... 97% 3.22M 4s
193950K .......... .......... .......... .......... .......... 97% 2.82M 4s
194000K .......... .......... .......... .......... .......... 98% 2.87M 4s
194050K .......... .......... .......... .......... .......... 98% 2.82M 4s
194100K .......... .......... .......... .......... .......... 98% 2.62M 4s
194150K .......... .......... .......... .......... .......... 98% 2.98M 4s
194200K .......... .......... .......... .......... .......... 98% 2.46M 4s
194250K .......... .......... .......... .......... .......... 98% 2.77M 3s
194300K .......... .......... .......... .......... .......... 98% 2.78M 3s
194350K .......... .......... .......... .......... .......... 98% 2.75M 3s
194400K .......... .......... .......... .......... .......... 98% 2.99M 3s
194450K .......... .......... .......... .......... .......... 98% 2.71M 3s
194500K .......... .......... .......... .......... .......... 98% 2.96M 3s
194550K .......... .......... .......... .......... .......... 98% 3.08M 3s
194600K .......... .......... .......... .......... .......... 98% 2.37M 3s
194650K .......... .......... .......... .......... .......... 98% 2.89M 3s
194700K .......... .......... .......... .......... .......... 98% 2.49M 3s
194750K .......... .......... .......... .......... .......... 98% 2.92M 3s
194800K .......... .......... .......... .......... .......... 98% 2.74M 3s
194850K .......... .......... .......... .......... .......... 98% 2.07M 3s
194900K .......... .......... .......... .......... .......... 98% 2.28M 3s
194950K .......... .......... .......... .......... .......... 98% 2.17M 3s
195000K .......... .......... .......... .......... .......... 98% 2.89M 3s
195050K .......... .......... .......... .......... .......... 98% 2.87M 3s
195100K .......... .......... .......... .......... .......... 98% 2.45M 3s
195150K .......... .......... .......... .......... .......... 98% 2.70M 3s
195200K .......... .......... .......... .......... .......... 98% 2.40M 3s
195250K .......... .......... .......... .......... .......... 98% 2.92M 3s
195300K .......... .......... .......... .......... .......... 98% 2.87M 2s
195350K .......... .......... .......... .......... .......... 98% 2.52M 2s
195400K .......... .......... .......... .......... .......... 98% 3.02M 2s
195450K .......... .......... .......... .......... .......... 98%  262K 2s
195500K .......... .......... .......... .......... .......... 98% 2.91M 2s
195550K .......... .......... .......... .......... .......... 98% 2.92M 2s
195600K .......... .......... .......... .......... .......... 98% 2.60M 2s
195650K .......... .......... .......... .......... .......... 98% 2.94M 2s
195700K .......... .......... .......... .......... .......... 98% 2.48M 2s
195750K .......... .......... .......... .......... .......... 98% 2.20M 2s
195800K .......... .......... .......... .......... .......... 98% 2.66M 2s
195850K .......... .......... .......... .......... .......... 98% 2.20M 2s
195900K .......... .......... .......... .......... .......... 98% 2.67M 2s
195950K .......... .......... .......... .......... .......... 98% 2.35M 2s
196000K .......... .......... .......... .......... .......... 99% 3.08M 2s
196050K .......... .......... .......... .......... .......... 99% 2.74M 2s
196100K .......... .......... .......... .......... .......... 99% 2.27M 2s
196150K .......... .......... .......... .......... .......... 99% 2.68M 2s
196200K .......... .......... .......... .......... .......... 99% 2.34M 2s
196250K .......... .......... .......... .......... .......... 99% 2.48M 2s
196300K .......... .......... .......... .......... .......... 99% 2.61M 2s
196350K .......... .......... .......... .......... .......... 99% 2.31M 1s
196400K .......... .......... .......... .......... .......... 99% 2.53M 1s
196450K .......... .......... .......... .......... .......... 99% 2.30M 1s
196500K .......... .......... .......... .......... .......... 99% 2.21M 1s
196550K .......... .......... .......... .......... .......... 99%  226K 1s
196600K .......... .......... .......... .......... .......... 99% 2.31M 1s
196650K .......... .......... .......... .......... .......... 99% 2.96M 1s
196700K .......... .......... .......... .......... .......... 99% 2.49M 1s
196750K .......... .......... .......... .......... .......... 99% 2.77M 1s
196800K .......... .......... .......... .......... .......... 99% 2.87M 1s
196850K .......... .......... .......... .......... .......... 99% 2.83M 1s
196900K .......... .......... .......... .......... .......... 99% 3.27M 1s
196950K .......... .......... .......... .......... .......... 99% 2.86M 1s
197000K .......... .......... .......... .......... .......... 99% 3.28M 1s
197050K .......... .......... .......... .......... .......... 99% 2.96M 1s
197100K .......... .......... .......... .......... .......... 99% 2.80M 1s
197150K .......... .......... .......... .......... .......... 99% 2.72M 1s
197200K .......... .......... .......... .......... .......... 99% 2.58M 1s
197250K .......... .......... .......... .......... .......... 99% 3.35M 1s
197300K .......... .......... .......... .......... .......... 99% 3.02M 1s
197350K .......... .......... .......... .......... .......... 99% 2.75M 1s
197400K .......... .......... .......... .......... .......... 99% 3.41M 1s
197450K .......... .......... .......... .......... .......... 99%  936K 0s
197500K .......... .......... .......... .......... .......... 99%  773K 0s
197550K .......... .......... .......... .......... .......... 99% 2.89M 0s
197600K .......... .......... .......... .......... .......... 99% 1.77M 0s
197650K .......... .......... .......... .......... .......... 99% 3.13M 0s
197700K .......... .......... .......... .......... .......... 99%  405K 0s
197750K .......... .......... .......... .......... .......... 99% 1.45M 0s
197800K .......... .......... .......... .......... .......... 99% 2.61M 0s
197850K .......... .......... .......... .......... .......... 99% 2.81M 0s
197900K .......... .......... .......... .......... .......... 99% 3.02M 0s
197950K .......... .......... .......... .....                100% 2.63M=3m5s

2026-05-23 13:03:15 (1.04 MB/s) - ‘resources/blast_db/mito/mito.tar.gz’ saved [202736742/202736742]

Extracting Files...
taxdb.btd
taxdb.bti
taxonomy4blast.sqlite3
mito.nin
mito.nhr
mito.nsq
mito.nni
mito.nnd
mito.nog
mito.ndb
mito.nos
mito.not
mito.ntf
mito.nto
Done!
